ORIGIN ZIP,DESTINATION ZIP,PICKUPDATE (YYYYMMDD),"PICKUPTIME (HH:MM:SS) - If left blank, value defaults to 18:00:00",WEIGHT (lbs),TOTAL PACKAGES IN SHIPMENT
77031,21202,20220718,,,
77031,19103,20220718,,,
77031,21074,20220718,,,
77031,22042,20220718,,,
77031,21204,20220718,,,
77031,20036,20220718,,,
77031,20852,20220718,,,
77031,77031,20220718,,,
77031,21074,20220718,,,
77031,19041,20220718,,,
77031,30319,20220718,,,
77031,28211,20220718,,,
77031,23238,20220718,,,
77031,60091,20220718,,,
77031,21074,20220718,,,
77031,21074,20220718,,,
77031,21903,20220718,,,
77031,60602,20220718,,,
77031,48009,20220718,,,
77031,77019,20220718,,,
77031,35209,20220718,,,
77031,80206,20220718,,,
77031,38138,20220718,,,
77031,44122,20220718,,,
77031,14221,20220718,,,
77031,21074,20220718,,,
77031,15222,20220718,,,
77031,63141,20220718,,,
77031,21074,20220718,,,
77031,37215,20220718,,,
77031,45236,20220718,,,
77031,40222,20220718,,,
77031,11530,20220718,,,
77031,14618,20220718,,,
77031,80112,20220718,,,
77031,27605,20220718,,,
77031,55435,20220718,,,
77031,77063,20220718,,,
77031,21074,20220718,,,
77031,43085,20220718,,,
77031,48152,20220718,,,
77031,46240,20220718,,,
77031,77081,20220718,,,
77031,22202,20220718,,,
77031,32750,20220718,,,
77031,66209,20220718,,,
77031,30338,20220718,,,
77031,23454,20220718,,,
77031,75225,20220718,,,
77031,19807,20220718,,,
77031,45429,20220718,,,
77031,49506,20220718,,,
77031,78759,20220718,,,
77031,29607,20220718,,,
77031,19118,20220718,,,
77031,12524,20220718,,,
77031,10017,20220718,,,
77031,53045,20220718,,,
77031,77380,20220718,,,
77031,12203,20220718,,,
77031,28202,20220718,,,
77031,21401,20220718,,,
77031,32256,20220718,,,
77031,20190,20220718,,,
77031,11797,20220718,,,
77031,30096,20220718,,,
77031,77477,20220718,,,
77031,28803,20220718,,,
77031,37919,20220718,,,
77031,70130,20220718,,,
77031,39211,20220718,,,
77031,62301,20220718,,,
77031,62704,20220718,,,
77031,30909,20220718,,,
77031,70836,20220718,,,
77031,70002,20220718,,,
77031,34243,20220718,,,
77031,28314,20220718,,,
77031,16565,20220718,,,
77031,66044,20220718,,,
77031,54304,20220718,,,
77031,94608,20220718,,,
77031,97086,20220718,,,
77031,94588,20220718,,,
77031,13204,20220718,,,
77031,21074,20220718,,,
77031,21074,20220718,,,
77031,94538,20220718,,,
77031,21074,20220718,,,
77031,21074,20220718,,,
77031,21074,20220718,,,
77031,21784,20220718,,,
77031,21074,20220718,,,
77031,21074,20220718,,,
77031,21784,20220718,,,
77031,11901,20220718,,,
77031,77433,20220718,,,
77031,19464,20220718,,,
77031,21658,20220718,,,
77031,35094,20220718,,,
77031,65616,20220718,,,
77031,36535,20220718,,,
77031,17602,20220718,,,
77031,73127,20220718,,,
77031,45050,20220718,,,
77031,16565,20220718,,,
77031,78666,20220718,,,
77031,66044,20220718,,,
77031,10917,20220718,,,
77031,54304,20220718,,,
77031,33908,20220718,,,
77031,21740,20220718,,,
77031,80108,20220718,,,
77031,78664,20220718,,,
77031,30248,20220718,,,
77031,13204,20220718,,,
77031,94551,20220718,,,
77031,48326,20220718,,,
77031,39503,20220718,,,
77031,37090,20220718,,,
77031,29418,20220718,,,
77031,30188,20220718,,,
77031,63005,20220718,,,
77031,53158,20220718,,,
77031,32092,20220718,,,
77031,19971,20220718,,,
77031,46360,20220718,,,
77031,33401,20220718,,,
77031,55301,20220718,,,
77031,12845,20220718,,,
77031,40067,20220718,,,
77031,32550,20220718,,,
77031,29572,20220718,,,
77031,28278,20220718,,,
77031,46124,20220718,,,
77031,55122,20220718,,,
77031,31322,20220718,,,
77031,24018,20220718,,,
77031,53705,20220718,,,
77031,11030,20220718,,,
77031,21045,20220718,,,
77031,30339,20220718,,,
77031,77069,20220718,,,
77031,77096,20220718,,,
77031,77598,20220718,,,
77031,10583,20220718,,,
77031,32765,20220718,,,
77031,36106,20220718,,,
77031,75093,20220718,,,
77031,55113,20220718,,,
77031,48309,20220718,,,
77031,21074,20220718,,,
77031,27408,20220718,,,
77031,44113,20220718,,,
77031,20814,20220718,,,
77031,30062,20220718,,,
77031,22101,20220718,,,
77031,60035,20220718,,,
77031,60074,20220718,,,
77031,30022,20220718,,,
77031,60005,20220718,,,
77031,84107,20220718,,,
77031,84604,20220718,,,
77031,22903,20220718,,,
77031,30269,20220718,,,
77031,20002,20220718,,,
77031,63017,20220718,,,
77031,16127,20220718,,,
77031,21842,20220718,,,
77031,23188,20220718,,,
77031,30534,20220718,,,
77031,20176,20220718,,,
77031,15228,20220718,,,
77031,72211,20220718,,,
77031,80021,20220718,,,
77031,45209,20220718,,,
77031,19406,20220718,,,
77031,33609,20220718,,,
77031,80120,20220718,,,
77031,43219,20220718,,,
77031,38117,20220718,,,
77031,75093,20220718,,,
77031,76107,20220718,,,
77031,19342,20220718,,,
77031,66214,20220718,,,
77031,40241,20220718,,,
77031,15205,20220718,,,
77031,76092,20220718,,,
77031,22201,20220718,,,
77031,43240,20220718,,,
77031,14618,20220718,,,
77031,37421,20220718,,,
77031,37067,20220718,,,
77031,22033,20220718,,,
77031,44333,20220718,,,
77031,60134,20220718,,,
77031,27616,20220718,,,
77031,60462,20220718,,,
77031,19341,20220718,,,
77031,14225,20220718,,,
77031,13066,20220718,,,
77031,21784,20220718,,,
77031,21074,20220718,,,
77031,48912,20220718,,,
77031,77031,20220718,,,
77031,22102,20220718,,,
77031,48243,20220718,,,
77031,48604,20220718,,,
77031,29301,20220718,,,
77031,74114,20220718,,,
77031,35801,20220718,,,
77031,21146,20220718,,,
77031,53406,20220718,,,
77031,49418,20220718,,,
77031,17601,20220718,,,
77031,33414,20220718,,,
77031,73034,20220718,,,
77031,76308,20220718,,,
77031,89117,20220718,,,
77031,95825,20220718,,,
77031,32605,20220718,,,
77031,32789,20220718,,,
77031,33486,20220718,,,
77031,34238,20220718,,,
77031,22401,20220718,,,
77031,27265,20220718,,,
77031,25389,20220718,,,
77031,61615,20220718,,,
77031,93720,20220718,,,
77031,32504,20220718,,,
77031,21074,20220718,,,
77031,27511,20220718,,,
77031,20166,20220718,,,
77031,64154,20220718,,,
77031,32250,20220718,,,
77031,44512,20220718,,,
77031,53217,20220718,,,
77031,94111,20220718,,,
77031,19454,20220718,,,
77031,60614,20220718,,,
77031,55369,20220718,,,
77031,21704,20220718,,,
77031,20004,20220718,,,
77031,77339,20220718,,,
77031,60540,20220718,,,
77031,30064,20220718,,,
77031,29464,20220718,,,
77031,60026,20220718,,,
77031,15237,20220718,,,
77031,78209,20220718,,,
77031,11725,20220718,,,
77031,45069,20220718,,,
77031,32174,20220718,,,
77031,32541,20220718,,,
77031,80920,20220718,,,
77031,52806,20220718,,,
77031,28277,20220718,,,
77031,33304,20220718,,,
77031,91101,20220718,,,
77031,44124,20220718,,,
77031,22314,20220718,,,
77031,67206,20220718,,,
77031,46545,20220718,,,
77031,28405,20220718,,,
77031,65203,20220718,,,
77031,65804,20220718,,,
77031,27858,20220718,,,
77031,92037,20220718,,,
77031,68118,20220718,,,
77031,35244,20220718,,,
77031,89052,20220718,,,
77031,77010,20220718,,,
77031,76711,20220718,,,
77031,27713,20220718,,,
77031,77840,20220718,,,
77031,53562,20220718,,,
77031,92009,20220718,,,
77031,27103,20220718,,,
77031,29577,20220718,,,
77031,50266,20220718,,,
77031,91423,20220718,,,
77031,29928,20220718,,,
77031,44236,20220718,,,
77031,73118,20220718,,,
77031,95123,20220718,,,
77031,32940,20220718,,,
77031,60102,20220718,,,
77031,43551,20220718,,,
77031,17110,20220718,,,
77031,36527,20220718,,,
77031,21015,20220718,,,
77031,91739,20220718,,,
77031,20878,20220718,,,
77031,21076,20220718,,,
77031,78746,20220718,,,
77031,77479,20220718,,,
77031,94401,20220718,,,
77031,33907,20220718,,,
77031,27713,20220718,,,
77031,46032,20220718,,,
77031,78412,20220718,,,
77031,33761,20220718,,,
77031,40509,20220718,,,
77031,31904,20220718,,,
77031,90505,20220718,,,
77031,77027,20220718,,,
77031,98037,20220718,,,
77031,22601,20220718,,,
77031,28078,20220718,,,
77031,33324,20220718,,,
77031,21074,20220718,,,
77031,61821,20220718,,,
77031,73072,20220718,,,
77031,98101,20220718,,,
77031,46804,20220718,,,
77031,44718,20220718,,,
77031,78503,20220718,,,
77031,29401,20220718,,,
77031,21240,20220718,,,
77031,85254,20220718,,,
77031,20603,20220718,,,
77031,21030,20220718,,,
77031,71105,20220718,,,
77031,20716,20220718,,,
77031,30606,20220718,,,
77031,61761,20220718,,,
77031,79912,20220718,,,
77031,57106,20220718,,,
77031,60189,20220718,,,
77031,49423,20220718,,,
77031,17011,20220718,,,
77031,19064,20220718,,,
77031,54913,20220718,,,
77031,31405,20220718,,,
77031,92647,20220718,,,
77031,55125,20220718,,,
77031,71201,20220718,,,
77031,75040,20220718,,,
77031,46168,20220718,,,
77031,33710,20220718,,,
77031,38017,20220718,,,
77031,30363,20220718,,,
77031,76102,20220718,,,
77031,41017,20220718,,,
77031,29229,20220718,,,
77031,83702,20220718,,,
77031,92618,20220718,,,
77031,36830,20220718,,,
77031,93065,20220718,,,
77031,99201,20220718,,,
77031,94941,20220718,,,
77031,94301,20220718,,,
77031,94108,20220718,,,
77031,80538,20220718,,,
77031,51106,20220718,,,
77031,23233,20220718,,,
77031,17403,20220718,,,
77031,33803,20220718,,,
77031,14845,20220718,,,
77031,29501,20220718,,,
77031,85704,20220718,,,
77031,16803,20220718,,,
77031,37934,20220718,,,
77031,29732,20220718,,,
77031,21601,20220718,,,
77031,47715,20220718,,,
77031,89511,20220718,,,
77031,72401,20220718,,,
77031,23606,20220718,,,
77031,53226,20220718,,,
77031,95030,20220718,,,
77031,79424,20220718,,,
77031,11385,20220718,,,
77031,27804,20220718,,,
77031,43623,20220718,,,
77031,33410,20220718,,,
77031,20001,20220718,,,
77031,47906,20220718,,,
77031,30346,20220718,,,
77031,45202,20220718,,,
77031,55344,20220718,,,
77031,44116,20220718,,,
77031,75503,20220718,,,
77031,60201,20220718,,,
77031,72758,20220718,,,
77031,30078,20220718,,,
77031,48116,20220718,,,
77031,28262,20220718,,,
77031,92883,20220718,,,
77031,27514,20220718,,,
77031,87110,20220718,,,
77031,60068,20220718,,,
77031,79705,20220718,,,
77031,75201,20220718,,,
77031,35235,20220718,,,
77031,36608,20220718,,,
77031,60604,20220718,,,
77031,72205,20220718,,,
77031,80016,20220718,,,
77031,18034,20220718,,,
77031,33928,20220718,,,
77031,28374,20220718,,,
77031,60523,20220718,,,
77031,31601,20220718,,,
77031,48230,20220718,,,
77031,14127,20220718,,,
77031,91915,20220718,,,
77031,28601,20220718,,,
77031,80226,20220718,,,
77031,70508,20220718,,,
77031,79124,20220718,,,
77031,30092,20220718,,,
77031,10580,20220718,,,
77031,80238,20220718,,,
77031,60069,20220718,,,
77031,16066,20220718,,,
77031,77494,20220718,,,
77031,62208,20220718,,,
77031,13850,20220718,,,
77031,18507,20220718,,,
77031,76018,20220718,,,
77031,94549,20220718,,,
77031,60440,20220718,,,
77031,27215,20220718,,,
77031,32034,20220718,,,
77031,44136,20220718,,,
77031,68046,20220718,,,
77031,23320,20220718,,,
77031,33426,20220718,,,
77031,43017,20220718,,,
77031,32828,20220718,,,
77031,75077,20220718,,,
77031,90740,20220718,,,
77031,34787,20220718,,,
77031,37129,20220718,,,
77031,78258,20220718,,,
77031,18976,20220718,,,
77031,35404,20220718,,,
77031,19610,20220718,,,
77031,61112,20220718,,,
77031,33027,20220718,,,
77031,31522,20220718,,,
77031,78738,20220718,,,
77031,85295,20220718,,,
77031,64105,20220718,,,
77031,30265,20220718,,,
77031,46142,20220718,,,
77031,49002,20220718,,,
77031,60527,20220718,,,
77031,60173,20220718,,,
77031,75219,20220718,,,
77031,48044,20220718,,,
77031,90245,20220718,,,
77031,85204,20220718,,,
77031,92506,20220718,,,
77031,37075,20220718,,,
77031,34474,20220718,,,
77031,31210,20220718,,,
77031,75069,20220718,,,
77031,30041,20220718,,,
77031,95207,20220718,,,
77031,75104,20220718,,,
77031,32413,20220718,,,
77031,46060,20220718,,,
77031,77024,20220718,,,
77031,91709,20220718,,,
77031,95678,20220718,,,
77031,32162,20220718,,,
77031,78701,20220718,,,
77031,92660,20220718,,,
77031,77584,20220718,,,
77031,19047,20220718,,,
77031,20745,20220718,,,
77031,85085,20220718,,,
77031,19462,20220718,,,
77031,63367,20220718,,,
77031,75240,20220718,,,
77031,60010,20220718,,,
77031,24060,20220718,,,
77031,94513,20220718,,,
77031,15146,20220718,,,
77031,12866,20220718,,,
77031,91362,20220718,,,
77031,78256,20220718,,,
77031,33073,20220718,,,
77031,34108,20220718,,,
77031,33543,20220718,,,
77031,75034,20220718,,,
77031,38804,20220718,,,
77031,11743,20220718,,,
77031,32312,20220718,,,
77031,45040,20220718,,,
77031,44145,20220718,,,
77031,60661,20220718,,,
77031,35806,20220718,,,
77031,20815,20220718,,,
77031,32819,20220718,,,
77031,20155,20220718,,,
77031,37601,20220718,,,
77031,64086,20220718,,,
77031,23113,20220718,,,
77031,22191,20220718,,,
77031,90067,20220718,,,
77031,76177,20220718,,,
77031,39402,20220718,,,
77031,28277,20220718,,,
77031,36303,20220718,,,
77031,43221,20220718,,,
77031,24503,20220718,,,
77031,10549,20220718,,,
77031,26505,20220718,,,
77031,40507,20220718,,,
77031,35243,20220718,,,
77031,55402,20220718,,,
77031,38305,20220718,,,
77031,20005,20220718,,,
77031,10006,20220718,,,
77031,21157,20220718,,,
77031,11030,20220718,,,
77031,55416,20220718,,,
77031,77706,20220718,,,
77031,30519,20220718,,,
77031,28054,20220718,,,
77031,12065,20220718,,,
77031,63131,20220718,,,
77031,19090,20220718,,,
77031,84101,20220718,,,
77031,98004,20220718,,,
77031,15222,20220718,,,
77031,98188,20220718,,,
77031,33134,20220718,,,
77031,85226,20220718,,,
77031,38655,20220718,,,
77031,42104,20220718,,,
77031,35630,20220718,,,
77031,77005,20220718,,,
77031,75039,20220718,,,
77031,48104,20220718,,,
77031,85308,20220718,,,
77031,30144,20220718,,,
77031,35901,20220718,,,
77031,46204,20220718,,,
77031,75087,20220718,,,
77031,22030,20220718,,,
77031,75214,20220718,,,
77031,19713,20220718,,,
77031,20832,20220718,,,
77031,30303,20220718,,,
77031,75703,20220718,,,
77031,66208,20220718,,,
77031,48322,20220718,,,
77031,33176,20220718,,,
77031,60031,20220718,,,
77031,60045,20220718,,,
77031,68114,20220718,,,
77031,28562,20220718,,,
77031,97223,20220718,,,
77031,32746,20220718,,,
77031,37343,20220718,,,
77031,29206,20220718,,,
77031,29212,20220718,,,
77031,70471,20220718,,,
77031,91203,20220718,,,
77031,32246,20220718,,,
77031,11572,20220718,,,
77031,11702,20220718,,,
77031,92626,20220718,,,
77031,20007,20220718,,,
77031,20176,20220718,,,
77031,27612,20220718,,,
77031,92692,20220718,,,
77031,19348,20220718,,,
77031,85004,20220718,,,
77031,11790,20220718,,,
77031,30329,20220718,,,
77031,92782,20220718,,,
77031,21054,20220718,,,
77031,74133,20220718,,,
77031,19426,20220718,,,
77031,84095,20220718,,,
77031,33625,20220718,,,
77031,94105,20220718,,,
77031,33446,20220718,,,
77031,19301,20220718,,,
77031,25701,20220718,,,
77031,44022,20220718,,,
77031,83646,20220718,,,
77031,33127,20220718,,,
77031,27540,20220718,,,
77031,87501,20220718,,,
77031,63117,20220718,,,
77031,29483,20220718,,,
77031,77304,20220718,,,
77031,92260,20220718,,,
77031,98029,20220718,,,
77031,70601,20220718,,,
77031,78230,20220718,,,
77031,10954,20220718,,,
77031,85711,20220718,,,
77031,45011,20220718,,,
77031,32960,20220718,,,
77031,20186,20220718,,,
77031,80111,20220718,,,
77031,68510,20220718,,,
77031,94596,20220718,,,
77031,94526,20220718,,,
77031,93311,20220718,,,
77031,21208,20220718,,,
77031,98335,20220718,,,
77031,93036,20220718,,,
77031,20876,20220718,,,
77031,60093,20220718,,,
77031,11566,20220718,,,
77031,78660,20220718,,,
77031,95630,20220718,,,
77031,40503,20220718,,,
77031,94022,20220718,,,
77031,37207,20220718,,,
77031,75211,20220718,,,
77031,77031,20220718,,,
77031,77081,20220718,,,
77031,77081,20220718,,,
77031,77031,20220718,,,
77031,77031,20220718,,,
77031,77031,20220718,,,
77031,77031,20220718,,,
77031,77072,20220718,,,
77031,77031,20220718,,,
77031,77072,20220718,,,
77031,77056,20220718,,,
77031,77505,20220718,,,
77031,77015,20220718,,,
77031,77084,20220718,,,
77031,77338,20220718,,,
77031,77706,20220718,,,
77031,77042,20220718,,,
77031,77070,20220718,,,
77031,77546,20220718,,,
77031,77096,20220718,,,
77031,77084,20220718,,,
77031,77019,20220718,,,
77031,77479,20220718,,,
77031,77385,20220718,,,
77031,77303,20220718,,,
77031,77584,20220718,,,
77031,77056,20220718,,,
77031,77049,20220718,,,
77031,77389,20220718,,,
77031,78045,20220718,,,
77031,78759,20220718,,,
77031,76504,20220718,,,
77031,78253,20220718,,,
77031,78681,20220718,,,
77031,78748,20220718,,,
77031,78232,20220718,,,
77031,78526,20220718,,,
77031,88001,20220718,,,
77031,87507,20220718,,,
77031,78154,20220718,,,
77031,87114,20220718,,,
77031,79912,20220718,,,
77031,78752,20220718,,,
77031,78746,20220718,,,
77031,78613,20220718,,,
77031,78230,20220718,,,
77031,78216,20220718,,,
77031,78411,20220718,,,
77031,79925,20220718,,,
77031,78503,20220718,,,
77031,87110,20220718,,,
77031,76132,20220718,,,
77031,75254,20220718,,,
77031,75150,20220718,,,
77031,75093,20220718,,,
77031,75231,20220718,,,
77031,76107,20220718,,,
77031,76017,20220718,,,
77031,76053,20220718,,,
77031,75104,20220718,,,
77031,75225,20220718,,,
77031,75075,20220718,,,
77031,75703,20220718,,,
77031,79414,20220718,,,
77031,75067,20220718,,,
77031,76092,20220718,,,
77031,75063,20220718,,,
77031,75034,20220718,,,
77031,74133,20220718,,,
77031,73134,20220718,,,
77031,73118,20220718,,,
77031,73160,20220718,,,
77031,67207,20220718,,,
77031,76711,20220718,,,
77031,77840,20220718,,,
77031,79705,20220718,,,
77031,74055,20220718,,,
77031,75040,20220718,,,
77031,76205,20220718,,,
77031,79121,20220718,,,
77031,75002,20220718,,,
77031,76308,20220718,,,
77031,76018,20220718,,,
77031,75204,20220718,,,
77031,79606,20220718,,,
77031,76177,20220718,,,
77031,78130,20220718,,,
77031,76308,20220718,,,
77031,78745,20220718,,,
77031,80012,20220718,,,
77031,80301,20220718,,,
77031,80206,20220718,,,
77031,80126,20220718,,,
77031,80031,20220718,,,
77031,80226,20220718,,,
77031,80922,20220718,,,
77031,80123,20220718,,,
77031,80525,20220718,,,
77031,80124,20220718,,,
77031,80920,20220718,,,
77031,80021,20220718,,,
77031,80016,20220718,,,
77031,81505,20220718,,,
77031,82009,20220718,,,
77031,80922,20220718,,,
77031,80906,20220718,,,
77031,80016,20220718,,,
77031,70002,20220718,,,
77031,70058,20220718,,,
77031,70836,20220718,,,
77031,70503,20220718,,,
77031,71203,20220718,,,
77031,70601,20220718,,,
77031,71105,20220718,,,
77031,70458,20220718,,,
77031,70433,20220718,,,
77031,70360,20220718,,,
77031,39211,20220718,,,
77031,38671,20220718,,,
77031,39402,20220718,,,
77031,39531,20220718,,,
77031,39232,20220718,,,
77031,70726,20220718,,,
77031,38804,20220718,,,
77031,71301,20220718,,,
77031,36606,20220718,,,
77031,32504,20220718,,,
77031,71301,20220718,,,
77031,36608,20220718,,,
77031,36606,20220718,,,
77031,38804,20220718,,,
77031,32503,20220718,,,
77031,38671,20220718,,,
77031,39157,20220718,,,
77031,39402,20220718,,,
77031,71111,20220718,,,
77031,70815,20220718,,,
77031,70460,20220718,,,
77031,70433,20220718,,,
77031,70123,20220718,,,
77031,70065,20220718,,,
77031,70053,20220718,,,
77031,71203,20220718,,,
77031,71105,20220718,,,
77031,70836,20220718,,,
77031,70503,20220718,,,
77031,70002,20220718,,,
77031,38017,20220718,,,
77031,38119,20220718,,,
77031,38133,20220718,,,
77031,37215,20220718,,,
77031,37129,20220718,,,
77031,37115,20220718,,,
77031,37067,20220718,,,
77031,37122,20220718,,,
77031,37040,20220718,,,
77031,37934,20220718,,,
77031,37919,20220718,,,
77031,37601,20220718,,,
77031,38305,20220718,,,
77031,72211,20220718,,,
77031,72117,20220718,,,
77031,72756,20220718,,,
77031,72401,20220718,,,
77031,72903,20220718,,,
77031,37421,20220718,,,
77031,37129,20220718,,,
77031,37072,20220718,,,
77031,37040,20220718,,,
77031,37013,20220718,,,
77031,37415,20220718,,,
77031,37421,20220718,,,
77031,38305,20220718,,,
77031,37604,20220718,,,
77031,37934,20220718,,,
77031,37919,20220718,,,
77031,38017,20220718,,,
77031,37067,20220718,,,
77031,37215,20220718,,,
77031,38117,20220718,,,
77031,38133,20220718,,,
77031,66215,20220718,,,
77031,64081,20220718,,,
77031,64153,20220718,,,
77031,64057,20220718,,,
77031,66062,20220718,,,
77031,66604,20220718,,,
77031,66223,20220718,,,
77031,67205,20220718,,,
77031,66046,20220718,,,
77031,64153,20220718,,,
77031,64057,20220718,,,
77031,66604,20220718,,,
77031,66215,20220718,,,
77031,66211,20220718,,,
77031,63144,20220718,,,
77031,63033,20220718,,,
77031,63126,20220718,,,
77031,63017,20220718,,,
77031,62208,20220718,,,
77031,65804,20220718,,,
77031,63376,20220718,,,
77031,63131,20220718,,,
77031,63129,20220718,,,
77031,65203,20220718,,,
77031,62025,20220718,,,
77031,63701,20220718,,,
77031,64801,20220718,,,
77031,63701,20220718,,,
77031,64801,20220718,,,
77031,64506,20220718,,,
77031,63117,20220718,,,
77031,63129,20220718,,,
77031,63376,20220718,,,
77031,63005,20220718,,,
77031,63127,20220718,,,
77031,62208,20220718,,,
77031,59102,20220718,,,
77031,59801,20220718,,,
77031,93313,20220718,,,
77031,94538,20220718,,,
77031,98371,20220718,,,
77031,94560,20220718,,,
77031,94520,20220718,,,
77031,94132,20220718,,,
77031,95117,20220718,,,
77031,94545,20220718,,,
77031,95008,20220718,,,
77031,95010,20220718,,,
77031,94015,20220718,,,
77031,93906,20220718,,,
77031,94533,20220718,,,
77031,94588,20220718,,,
77031,94564,20220718,,,
77031,94568,20220718,,,
77031,95123,20220718,,,
77031,95118,20220718,,,
77031,94040,20220718,,,
77031,94538,20220718,,,
77031,94523,20220718,,,
77031,94103,20220718,,,
77031,94904,20220718,,,
77031,95117,20220718,,,
77031,94596,20220718,,,
77031,94087,20220718,,,
77031,94403,20220718,,,
77031,94577,20220718,,,
77031,94014,20220718,,,
77031,94583,20220718,,,
77031,94612,20220718,,,
77031,95403,20220718,,,
77031,94533,20220718,,,
77031,95129,20220718,,,
77031,95010,20220718,,,
77031,94608,20220718,,,
77031,94061,20220718,,,
77031,93940,20220718,,,
77031,94588,20220718,,,
77031,94945,20220718,,,
77031,94108,20220718,,,
77031,95035,20220718,,,
77031,94531,20220718,,,
77031,95037,20220718,,,
77031,95815,20220718,,,
77031,95814,20220718,,,
77031,95758,20220718,,,
77031,95678,20220718,,,
77031,95356,20220718,,,
77031,95348,20220718,,,
77031,93710,20220718,,,
77031,93612,20220718,,,
77031,95630,20220718,,,
77031,95825,20220718,,,
77031,95610,20220718,,,
77031,95678,20220718,,,
77031,95356,20220718,,,
77031,95207,20220718,,,
77031,95367,20220718,,,
77031,93710,20220718,,,
77031,93277,20220718,,,
77031,95814,20220718,,,
77031,93304,20220718,,,
77031,95928,20220718,,,
77031,95758,20220718,,,
77031,96003,20220718,,,
77031,95834,20220718,,,
77031,92126,20220718,,,
77031,92108,20220718,,,
77031,92029,20220718,,,
77031,92122,20220718,,,
77031,92020,20220718,,,
77031,92054,20220718,,,
77031,91950,20220718,,,
77031,92111,20220718,,,
77031,92024,20220718,,,
77031,91942,20220718,,,
77031,92128,20220718,,,
77031,91942,20220718,,,
77031,91915,20220718,,,
77031,91950,20220718,,,
77031,92008,20220718,,,
77031,92071,20220718,,,
77031,92122,20220718,,,
77031,92025,20220718,,,
77031,92108,20220718,,,
77031,89169,20220718,,,
77031,89117,20220718,,,
77031,89502,20220718,,,
77031,89014,20220718,,,
77031,89108,20220718,,,
77031,89113,20220718,,,
77031,89109,20220718,,,
77031,89014,20220718,,,
77031,89502,20220718,,,
77031,89107,20220718,,,
77031,89109,20220718,,,
77031,85028,20220718,,,
77031,85281,20220718,,,
77031,85016,20220718,,,
77031,85250,20220718,,,
77031,85382,20220718,,,
77031,85044,20220718,,,
77031,85705,20220718,,,
77031,85711,20220718,,,
77031,85085,20220718,,,
77031,85254,20220718,,,
77031,85206,20220718,,,
77031,85226,20220718,,,
77031,85295,20220718,,,
77031,85383,20220718,,,
77031,85392,20220718,,,
77031,86314,20220718,,,
77031,85302,20220718,,,
77031,85283,20220718,,,
77031,85032,20220718,,,
77031,85032,20220718,,,
77031,85051,20220718,,,
77031,85206,20220718,,,
77031,85711,20220718,,,
77031,85705,20220718,,,
77031,85044,20220718,,,
77031,85382,20220718,,,
77031,85250,20220718,,,
77031,85202,20220718,,,
77031,97030,20220718,,,
77031,97124,20220718,,,
77031,84790,20220718,,,
77031,97504,20220718,,,
77031,98188,20220718,,,
77031,98903,20220718,,,
77031,98233,20220718,,,
77031,98662,20220718,,,
77031,97703,20220718,,,
77031,84405,20220718,,,
77031,97224,20220718,,,
77031,84341,20220718,,,
77031,84106,20220718,,,
77031,97030,20220718,,,
77031,97124,20220718,,,
77031,84097,20220718,,,
77031,84009,20220718,,,
77031,84107,20220718,,,
77031,84070,20220718,,,
77031,84041,20220718,,,
77031,98373,20220718,,,
77031,99336,20220718,,,
77031,97401,20220718,,,
77031,98001,20220718,,,
77031,97232,20220718,,,
77031,98502,20220718,,,
77031,98125,20220718,,,
77031,99207,20220718,,,
77031,98004,20220718,,,
77031,98409,20220718,,,
77031,98037,20220718,,,
77031,98052,20220718,,,
77031,98188,20220718,,,
77031,98226,20220718,,,
77031,98383,20220718,,,
77031,98101,20220718,,,
77031,83704,20220718,,,
77031,97204,20220718,,,
77031,97015,20220718,,,
77031,97005,20220718,,,
77031,97303,20220718,,,
77031,83406,20220718,,,
77031,83301,20220718,,,
77031,92647,20220718,,,
77031,91367,20220718,,,
77031,90403,20220718,,,
77031,91324,20220718,,,
77031,92503,20220718,,,
77031,92821,20220718,,,
77031,92704,20220718,,,
77031,90504,20220718,,,
77031,92606,20220718,,,
77031,93036,20220718,,,
77031,91203,20220718,,,
77031,92408,20220718,,,
77031,90703,20220718,,,
77031,91739,20220718,,,
77031,91101,20220718,,,
77031,93101,20220718,,,
77031,91763,20220718,,,
77031,91006,20220718,,,
77031,92630,20220718,,,
77031,90712,20220718,,,
77031,91355,20220718,,,
77031,91360,20220718,,,
77031,91754,20220718,,,
77031,90292,20220718,,,
77031,92808,20220718,,,
77031,91790,20220718,,,
77031,91710,20220718,,,
77031,93551,20220718,,,
77031,92868,20220718,,,
77031,92591,20220718,,,
77031,93063,20220718,,,
77031,92691,20220718,,,
77031,91502,20220718,,,
77031,93405,20220718,,,
77031,92881,20220718,,,
77031,92374,20220718,,,
77031,90712,20220718,,,
77031,92260,20220718,,,
77031,90048,20220718,,,
77031,92260,20220718,,,
77031,92374,20220718,,,
77031,91604,20220718,,,
77031,91344,20220718,,,
77031,90640,20220718,,,
77031,90278,20220718,,,
77031,90241,20220718,,,
77031,90211,20220718,,,
77031,90045,20220718,,,
77031,92691,20220718,,,
77031,93065,20220718,,,
77031,92591,20220718,,,
77031,92865,20220718,,,
77031,93551,20220718,,,
77031,91790,20220718,,,
77031,91355,20220718,,,
77031,91763,20220718,,,
77031,91101,20220718,,,
77031,92408,20220718,,,
77031,92705,20220718,,,
77031,91210,20220718,,,
77031,92821,20220718,,,
77031,92503,20220718,,,
77031,91324,20220718,,,
77031,90403,20220718,,,
77031,92653,20220718,,,
77031,92656,20220718,,,
77031,99515,20220718,,,
77031,99504,20220718,,,
77031,96814,20220718,,,
77031,30093,20220718,,,
77031,34787,20220718,,,
77031,23231,20220718,,,
77031,30071,20220718,,,
77031,30144,20220718,,,
77031,30096,20220718,,,
77031,30305,20220718,,,
77031,30339,20220718,,,
77031,30022,20220718,,,
77031,30078,20220718,,,
77031,30345,20220718,,,
77031,30253,20220718,,,
77031,30346,20220718,,,
77031,30909,20220718,,,
77031,31406,20220718,,,
77031,30214,20220718,,,
77031,30519,20220718,,,
77031,30135,20220718,,,
77031,30038,20220718,,,
77031,31210,20220718,,,
77031,31909,20220718,,,
77031,30265,20220718,,,
77031,30606,20220718,,,
77031,31707,20220718,,,
77031,30068,20220718,,,
77031,31707,20220718,,,
77031,30606,20220718,,,
77031,30326,20220718,,,
77031,30326,20220718,,,
77031,30269,20220718,,,
77031,30064,20220718,,,
77031,30033,20220718,,,
77031,31909,20220718,,,
77031,31206,20220718,,,
77031,30038,20220718,,,
77031,30135,20220718,,,
77031,30519,20220718,,,
77031,30909,20220718,,,
77031,30260,20220718,,,
77031,30346,20220718,,,
77031,30078,20220718,,,
77031,30022,20220718,,,
77031,30339,20220718,,,
77031,30096,20220718,,,
77031,30096,20220718,,,
77031,30144,20220718,,,
77031,27518,20220718,,,
77031,27707,20220718,,,
77031,28210,20220718,,,
77031,28105,20220718,,,
77031,28134,20220718,,,
77031,28213,20220718,,,
77031,27103,20220718,,,
77031,27616,20220718,,,
77031,27407,20220718,,,
77031,27408,20220718,,,
77031,29407,20220718,,,
77031,29212,20220718,,,
77031,29607,20220718,,,
77031,28805,20220718,,,
77031,28403,20220718,,,
77031,28216,20220718,,,
77031,29464,20220718,,,
77031,29577,20220718,,,
77031,27834,20220718,,,
77031,27713,20220718,,,
77031,27617,20220718,,,
77031,29229,20220718,,,
77031,29205,20220718,,,
77031,29501,20220718,,,
77031,29621,20220718,,,
77031,28303,20220718,,,
77031,29301,20220718,,,
77031,28602,20220718,,,
77031,28027,20220718,,,
77031,29730,20220718,,,
77031,28216,20220718,,,
77031,29501,20220718,,,
77031,27215,20220718,,,
77031,29301,20220718,,,
77031,29730,20220718,,,
77031,29577,20220718,,,
77031,29607,20220718,,,
77031,29223,20220718,,,
77031,29205,20220718,,,
77031,29212,20220718,,,
77031,29406,20220718,,,
77031,29407,20220718,,,
77031,28054,20220718,,,
77031,28025,20220718,,,
77031,27834,20220718,,,
77031,28405,20220718,,,
77031,28403,20220718,,,
77031,27407,20220718,,,
77031,27616,20220718,,,
77031,27612,20220718,,,
77031,27604,20220718,,,
77031,27103,20220718,,,
77031,27103,20220718,,,
77031,28134,20220718,,,
77031,28277,20220718,,,
77031,28212,20220718,,,
77031,28211,20220718,,,
77031,27713,20220718,,,
77031,27713,20220718,,,
77031,27701,20220718,,,
77031,27511,20220718,,,
77031,32701,20220718,,,
77031,32803,20220718,,,
77031,33759,20220718,,,
77031,33609,20220718,,,
77031,33618,20220718,,,
77031,33511,20220718,,,
77031,32246,20220718,,,
77031,32218,20220718,,,
77031,33710,20220718,,,
77031,32839,20220718,,,
77031,32301,20220718,,,
77031,33559,20220718,,,
77031,34239,20220718,,,
77031,34787,20220718,,,
77031,32904,20220718,,,
77031,32073,20220718,,,
77031,33907,20220718,,,
77031,32114,20220718,,,
77031,33625,20220718,,,
77031,32605,20220718,,,
77031,33071,20220718,,,
77031,33012,20220718,,,
77031,33180,20220718,,,
77031,33410,20220718,,,
77031,33156,20220718,,,
77031,33324,20220718,,,
77031,33183,20220718,,,
77031,33409,20220718,,,
77031,33434,20220718,,,
77031,33305,20220718,,,
77031,33026,20220718,,,
77031,33426,20220718,,,
77031,33172,20220718,,,
77031,34994,20220718,,,
77031,34110,20220718,,,
77031,33414,20220718,,,
77031,32828,20220718,,,
77031,32940,20220718,,,
77031,33928,20220718,,,
77031,33809,20220718,,,
77031,34741,20220718,,,
77031,32541,20220718,,,
77031,33134,20220718,,,
77031,32413,20220718,,,
77031,33189,20220718,,,
77031,33127,20220718,,,
77031,32256,20220718,,,
77031,34243,20220718,,,
77031,33004,20220718,,,
77031,33134,20220718,,,
77031,33189,20220718,,,
77031,33913,20220718,,,
77031,34957,20220718,,,
77031,34787,20220718,,,
77031,34761,20220718,,,
77031,34741,20220718,,,
77031,34474,20220718,,,
77031,33414,20220718,,,
77031,33409,20220718,,,
77031,33323,20220718,,,
77031,33062,20220718,,,
77031,32765,20220718,,,
77031,33809,20220718,,,
77031,32940,20220718,,,
77031,33426,20220718,,,
77031,33026,20220718,,,
77031,33431,20220718,,,
77031,33388,20220718,,,
77031,33156,20220718,,,
77031,33410,20220718,,,
77031,32114,20220718,,,
77031,33180,20220718,,,
77031,33012,20220718,,,
77031,32073,20220718,,,
77031,33071,20220718,,,
77031,32605,20220718,,,
77031,34238,20220718,,,
77031,32303,20220718,,,
77031,32301,20220718,,,
77031,32256,20220718,,,
77031,32246,20220718,,,
77031,32225,20220718,,,
77031,33511,20220718,,,
77031,33625,20220718,,,
77031,33612,20220718,,,
77031,33609,20220718,,,
77031,33607,20220718,,,
77031,33759,20220718,,,
77031,32839,20220718,,,
77031,32809,20220718,,,
77031,32803,20220718,,,
77031,32701,20220718,,,
77031,35242,20220718,,,
77031,35244,20220718,,,
77031,35806,20220718,,,
77031,36117,20220718,,,
77031,36527,20220718,,,
77031,35801,20220718,,,
77031,36801,20220718,,,
77031,36303,20220718,,,
77031,35404,20220718,,,
77031,35235,20220718,,,
77031,35404,20220718,,,
77031,35235,20220718,,,
77031,36527,20220718,,,
77031,36117,20220718,,,
77031,35801,20220718,,,
77031,35806,20220718,,,
77031,35244,20220718,,,
77031,20166,20220718,,,
77031,20190,20220718,,,
77031,22150,20220718,,,
77031,20877,20220718,,,
77031,22033,20220718,,,
77031,20045,20220718,,,
77031,22192,20220718,,,
77031,20852,20220718,,,
77031,21046,20220718,,,
77031,22182,20220718,,,
77031,22401,20220718,,,
77031,20036,20220718,,,
77031,20601,20220718,,,
77031,22305,20220718,,,
77031,21401,20220718,,,
77031,21208,20220718,,,
77031,21204,20220718,,,
77031,21236,20220718,,,
77031,21076,20220718,,,
77031,20109,20220718,,,
77031,21014,20220718,,,
77031,21054,20220718,,,
77031,24012,20220718,,,
77031,21704,20220718,,,
77031,20910,20220718,,,
77031,20716,20220718,,,
77031,20706,20220718,,,
77031,25309,20220718,,,
77031,21740,20220718,,,
77031,21157,20220718,,,
77031,23320,20220718,,,
77031,23235,20220718,,,
77031,23060,20220718,,,
77031,23462,20220718,,,
77031,23602,20220718,,,
77031,23510,20220718,,,
77031,22901,20220718,,,
77031,23112,20220718,,,
77031,23059,20220718,,,
77031,21801,20220718,,,
77031,26105,20220718,,,
77031,22601,20220718,,,
77031,21801,20220718,,,
77031,21224,20220718,,,
77031,21117,20220718,,,
77031,21061,20220718,,,
77031,21061,20220718,,,
77031,20902,20220718,,,
77031,20895,20220718,,,
77031,20817,20220718,,,
77031,20782,20220718,,,
77031,24540,20220718,,,
77031,24502,20220718,,,
77031,23834,20220718,,,
77031,23666,20220718,,,
77031,22202,20220718,,,
77031,22102,20220718,,,
77031,22901,20220718,,,
77031,23502,20220718,,,
77031,23602,20220718,,,
77031,23059,20220718,,,
77031,23452,20220718,,,
77031,23294,20220718,,,
77031,23235,20220718,,,
77031,23229,20220718,,,
77031,23321,20220718,,,
77031,23320,20220718,,,
77031,20716,20220718,,,
77031,21703,20220718,,,
77031,24012,20220718,,,
77031,21014,20220718,,,
77031,20109,20220718,,,
77031,21244,20220718,,,
77031,21204,20220718,,,
77031,21401,20220718,,,
77031,20603,20220718,,,
77031,22407,20220718,,,
77031,21044,20220718,,,
77031,22192,20220718,,,
77031,20877,20220718,,,
77031,22033,20220718,,,
77031,22150,20220718,,,
77031,20166,20220718,,,
77031,60101,20220718,,,
77031,55113,20220718,,,
77031,55435,20220718,,,
77031,55305,20220718,,,
77031,55337,20220718,,,
77031,55402,20220718,,,
77031,55125,20220718,,,
77031,55902,20220718,,,
77031,55448,20220718,,,
77031,55369,20220718,,,
77031,55109,20220718,,,
77031,56301,20220718,,,
77031,55344,20220718,,,
77031,55811,20220718,,,
77031,55121,20220718,,,
77031,50266,20220718,,,
77031,52807,20220718,,,
77031,51106,20220718,,,
77031,52402,20220718,,,
77031,51501,20220718,,,
77031,52241,20220718,,,
77031,50702,20220718,,,
77031,50021,20220718,,,
77031,52002,20220718,,,
77031,68510,20220718,,,
77031,68114,20220718,,,
77031,68144,20220718,,,
77031,68803,20220718,,,
77031,54401,20220718,,,
77031,54701,20220718,,,
77031,57106,20220718,,,
77031,57701,20220718,,,
77031,58103,20220718,,,
77031,58503,20220718,,,
77031,58201,20220718,,,
77031,57106,20220718,,,
77031,68114,20220718,,,
77031,68144,20220718,,,
77031,68114,20220718,,,
77031,51503,20220718,,,
77031,50266,20220718,,,
77031,55811,20220718,,,
77031,55425,20220718,,,
77031,55109,20220718,,,
77031,55344,20220718,,,
77031,55902,20220718,,,
77031,55128,20220718,,,
77031,55306,20220718,,,
77031,55305,20220718,,,
77031,55435,20220718,,,
77031,55113,20220718,,,
77031,48083,20220718,,,
77031,48315,20220718,,,
77031,48307,20220718,,,
77031,48089,20220718,,,
77031,48073,20220718,,,
77031,48103,20220718,,,
77031,48334,20220718,,,
77031,48124,20220718,,,
77031,48066,20220718,,,
77031,48180,20220718,,,
77031,48185,20220718,,,
77031,49512,20220718,,,
77031,48507,20220718,,,
77031,48302,20220718,,,
77031,48375,20220718,,,
77031,48917,20220718,,,
77031,48604,20220718,,,
77031,43623,20220718,,,
77031,49002,20220718,,,
77031,48359,20220718,,,
77031,49418,20220718,,,
77031,48236,20220718,,,
77031,48116,20220718,,,
77031,48864,20220718,,,
77031,49202,20220718,,,
77031,49444,20220718,,,
77031,49684,20220718,,,
77031,43623,20220718,,,
77031,49684,20220718,,,
77031,49444,20220718,,,
77031,49418,20220718,,,
77031,49202,20220718,,,
77031,49015,20220718,,,
77031,48864,20220718,,,
77031,48706,20220718,,,
77031,48642,20220718,,,
77031,48509,20220718,,,
77031,48326,20220718,,,
77031,48313,20220718,,,
77031,48225,20220718,,,
77031,48152,20220718,,,
77031,48059,20220718,,,
77031,48025,20220718,,,
77031,49024,20220718,,,
77031,48604,20220718,,,
77031,48602,20220718,,,
77031,48917,20220718,,,
77031,48377,20220718,,,
77031,48507,20220718,,,
77031,49512,20220718,,,
77031,48185,20220718,,,
77031,48180,20220718,,,
77031,48066,20220718,,,
77031,48126,20220718,,,
77031,48103,20220718,,,
77031,48083,20220718,,,
77031,46123,20220718,,,
77031,46142,20220718,,,
77031,46250,20220718,,,
77031,46032,20220718,,,
77031,46805,20220718,,,
77031,46545,20220718,,,
77031,47905,20220718,,,
77031,46060,20220718,,,
77031,47802,20220718,,,
77031,47303,20220718,,,
77031,47401,20220718,,,
77031,46902,20220718,,,
77031,46224,20220718,,,
77031,47802,20220718,,,
77031,46032,20220718,,,
77031,47715,20220718,,,
77031,47129,20220718,,,
77031,46545,20220718,,,
77031,46805,20220718,,,
77031,46250,20220718,,,
77031,46250,20220718,,,
77031,46142,20220718,,,
77031,46142,20220718,,,
77031,44333,20220718,,,
77031,44512,20220718,,,
77031,44060,20220718,,,
77031,44070,20220718,,,
77031,44124,20220718,,,
77031,44310,20220718,,,
77031,44720,20220718,,,
77031,44136,20220718,,,
77031,44011,20220718,,,
77031,45236,20220718,,,
77031,41042,20220718,,,
77031,45246,20220718,,,
77031,45245,20220718,,,
77031,45459,20220718,,,
77031,45431,20220718,,,
77031,43219,20220718,,,
77031,43212,20220718,,,
77031,43016,20220718,,,
77031,43240,20220718,,,
77031,44906,20220718,,,
77031,43950,20220718,,,
77031,43537,20220718,,,
77031,44484,20220718,,,
77031,45805,20220718,,,
77031,45011,20220718,,,
77031,45011,20220718,,,
77031,45459,20220718,,,
77031,45431,20220718,,,
77031,45251,20220718,,,
77031,44122,20220718,,,
77031,43232,20220718,,,
77031,43537,20220718,,,
77031,45805,20220718,,,
77031,44870,20220718,,,
77031,43950,20220718,,,
77031,43016,20220718,,,
77031,44906,20220718,,,
77031,43240,20220718,,,
77031,43228,20220718,,,
77031,43219,20220718,,,
77031,44136,20220718,,,
77031,44720,20220718,,,
77031,15237,20220718,,,
77031,15601,20220718,,,
77031,15146,20220718,,,
77031,15241,20220718,,,
77031,15120,20220718,,,
77031,15275,20220718,,,
77031,16565,20220718,,,
77031,16066,20220718,,,
77031,16803,20220718,,,
77031,15205,20220718,,,
77031,15146,20220718,,,
77031,15237,20220718,,,
77031,60077,20220718,,,
77031,60189,20220718,,,
77031,60181,20220718,,,
77031,60173,20220718,,,
77031,60714,20220718,,,
77031,60409,20220718,,,
77031,60061,20220718,,,
77031,60614,20220718,,,
77031,60108,20220718,,,
77031,60004,20220718,,,
77031,60603,20220718,,,
77031,60706,20220718,,,
77031,60440,20220718,,,
77031,46342,20220718,,,
77031,60462,20220718,,,
77031,60015,20220718,,,
77031,60453,20220718,,,
77031,60134,20220718,,,
77031,60504,20220718,,,
77031,60014,20220718,,,
77031,61107,20220718,,,
77031,61615,20220718,,,
77031,61704,20220718,,,
77031,60305,20220718,,,
77031,60543,20220718,,,
77031,61822,20220718,,,
77031,62704,20220718,,,
77031,60102,20220718,,,
77031,54650,20220718,,,
77031,53217,20220718,,,
77031,53220,20220718,,,
77031,53024,20220718,,,
77031,60611,20220718,,,
77031,53045,20220718,,,
77031,53717,20220718,,,
77031,54913,20220718,,,
77031,54304,20220718,,,
77031,53406,20220718,,,
77031,53704,20220718,,,
77031,53222,20220718,,,
77031,60435,20220718,,,
77031,53719,20220718,,,
77031,54650,20220718,,,
77031,53217,20220718,,,
77031,53129,20220718,,,
77031,53129,20220718,,,
77031,53226,20220718,,,
77031,53226,20220718,,,
77031,53406,20220718,,,
77031,54304,20220718,,,
77031,54913,20220718,,,
77031,53005,20220718,,,
77031,53005,20220718,,,
77031,46410,20220718,,,
77031,60031,20220718,,,
77031,60607,20220718,,,
77031,60440,20220718,,,
77031,62704,20220718,,,
77031,60805,20220718,,,
77031,60546,20220718,,,
77031,60564,20220718,,,
77031,60527,20220718,,,
77031,60523,20220718,,,
77031,60453,20220718,,,
77031,60443,20220718,,,
77031,60438,20220718,,,
77031,60431,20220718,,,
77031,60010,20220718,,,
77031,60174,20220718,,,
77031,60148,20220718,,,
77031,60118,20220718,,,
77031,60091,20220718,,,
77031,60031,20220718,,,
77031,60008,20220718,,,
77031,61613,20220718,,,
77031,61108,20220718,,,
77031,60504,20220718,,,
77031,60134,20220718,,,
77031,60014,20220718,,,
77031,60462,20220718,,,
77031,60462,20220718,,,
77031,60706,20220718,,,
77031,60657,20220718,,,
77031,60641,20220718,,,
77031,60610,20220718,,,
77031,60638,20220718,,,
77031,60607,20220718,,,
77031,60603,20220718,,,
77031,60089,20220718,,,
77031,60108,20220718,,,
77031,60108,20220718,,,
77031,60614,20220718,,,
77031,60061,20220718,,,
77031,60409,20220718,,,
77031,60173,20220718,,,
77031,60187,20220718,,,
77031,60077,20220718,,,
77031,40241,20220718,,,
77031,40222,20220718,,,
77031,47715,20220718,,,
77031,40503,20220718,,,
77031,42104,20220718,,,
77031,40509,20220718,,,
77031,40219,20220718,,,
77031,42104,20220718,,,
77031,42001,20220718,,,
77031,40503,20220718,,,
77031,40241,20220718,,,
77031,40222,20220718,,,
77031,40219,20220718,,,
77031,18640,20220718,,,
77031,19406,20220718,,,
77031,19047,20220718,,,
77031,19090,20220718,,,
77031,19454,20220718,,,
77031,19114,20220718,,,
77031,19103,20220718,,,
77031,17601,20220718,,,
77031,17112,20220718,,,
77031,18052,20220718,,,
77031,19462,20220718,,,
77031,19064,20220718,,,
77031,19341,20220718,,,
77031,19610,20220718,,,
77031,17402,20220718,,,
77031,18519,20220718,,,
77031,18702,20220718,,,
77031,18951,20220718,,,
77031,17011,20220718,,,
77031,16602,20220718,,,
77031,19464,20220718,,,
77031,19702,20220718,,,
77031,19803,20220718,,,
77031,19901,20220718,,,
77031,17402,20220718,,,
77031,17011,20220718,,,
77031,19901,20220718,,,
77031,19803,20220718,,,
77031,19702,20220718,,,
77031,19082,20220718,,,
77031,19020,20220718,,,
77031,16602,20220718,,,
77031,19341,20220718,,,
77031,19064,20220718,,,
77031,19462,20220718,,,
77031,18052,20220718,,,
77031,18052,20220718,,,
77031,17111,20220718,,,
77031,17601,20220718,,,
77031,19150,20220718,,,
77031,19107,20220718,,,
77031,19149,20220718,,,
77031,19454,20220718,,,
77031,19090,20220718,,,
77031,19047,20220718,,,
77031,19406,20220718,,,
77031,14225,20220718,,,
77031,14226,20220718,,,
77031,14750,20220718,,,
77031,14075,20220718,,,
77031,14626,20220718,,,
77031,14623,20220718,,,
77031,14564,20220718,,,
77031,13214,20220718,,,
77031,13039,20220718,,,
77031,12304,20220718,,,
77031,12065,20220718,,,
77031,12205,20220718,,,
77031,13413,20220718,,,
77031,14225,20220718,,,
77031,14845,20220718,,,
77031,14219,20220718,,,
77031,14150,20220718,,,
77031,10314,20220718,,,
77031,10017,20220718,,,
77031,11375,20220718,,,
77031,11514,20220718,,,
77031,11755,20220718,,,
77031,11772,20220718,,,
77031,11746,20220718,,,
77031,10011,20220718,,,
77031,10954,20220718,,,
77031,10006,20220718,,,
77031,11581,20220718,,,
77031,10475,20220718,,,
77031,10607,20220718,,,
77031,11572,20220718,,,
77031,11360,20220718,,,
77031,10583,20220718,,,
77031,13850,20220718,,,
77031,11803,20220718,,,
77031,12601,20220718,,,
77031,11217,20220718,,,
77031,10118,20220718,,,
77031,14845,20220718,,,
77031,11762,20220718,,,
77031,10017,20220718,,,
77031,11210,20220718,,,
77031,10941,20220718,,,
77031,10021,20220718,,,
77031,11706,20220718,,,
77031,12401,20220718,,,
77031,10020,20220718,,,
77031,10016,20220718,,,
77031,10601,20220718,,,
77031,10598,20220718,,,
77031,11746,20220718,,,
77031,12601,20220718,,,
77031,11755,20220718,,,
77031,11706,20220718,,,
77031,11530,20220718,,,
77031,13214,20220718,,,
77031,10954,20220718,,,
77031,10940,20220718,,,
77031,11590,20220718,,,
77031,10314,20220718,,,
77031,10001,20220718,,,
77031,11030,20220718,,,
77031,11234,20220718,,,
77031,10314,20220718,,,
77031,22102,20220718,,,
77031,20603,20220718,,,
77031,20817,20220718,,,
77031,21044,20220718,,,
77031,21401,20220718,,,
77031,11530,20220718,,,
77031,19090,20220718,,,
77031,20005,20220718,,,
77031,21204,20220718,,,
77031,18052,20220718,,,
77031,19702,20220718,,,
77031,12205,20220718,,,
77031,19406,20220718,,,
77031,21236,20220718,,,
77031,22202,20220718,,,
77031,11746,20220718,,,
77031,14564,20220718,,,
77031,14225,20220718,,,
77031,13202,20220718,,,
77031,23233,20220718,,,
77031,11354,20220718,,,
77031,10994,20220718,,,
77031,19107,20220718,,,
77031,60602,20220718,,,
77031,22033,20220718,,,
77031,60523,20220718,,,
77031,60077,20220718,,,
77031,60611,20220718,,,
77031,53705,20220718,,,
77031,55435,20220718,,,
77031,55305,20220718,,,
77031,55113,20220718,,,
77031,55425,20220718,,,
77031,23452,20220718,,,
77031,60173,20220718,,,
77031,53226,20220718,,,
77031,48377,20220718,,,
77031,48313,20220718,,,
77031,49512,20220718,,,
77031,49002,20220718,,,
77031,94520,20220718,,,
77031,94596,20220718,,,
77031,95401,20220718,,,
77031,94588,20220718,,,
77031,94304,20220718,,,
77031,95356,20220718,,,
77031,80209,20220718,,,
77031,80124,20220718,,,
77031,95050,20220718,,,
77031,93710,20220718,,,
77031,93940,20220718,,,
77031,98101,20220718,,,
77031,98004,20220718,,,
77031,98037,20220718,,,
77031,98125,20220718,,,
77031,97086,20220718,,,
77031,97223,20220718,,,
77031,83704,20220718,,,
77031,95814,20220718,,,
77031,95678,20220718,,,
77031,89502,20220718,,,
77031,94102,20220718,,,
77031,98188,20220718,,,
77031,98409,20220718,,,
77031,84111,20220718,,,
77031,85251,20220718,,,
77031,85226,20220718,,,
77031,96814,20220718,,,
77031,91007,20220718,,,
77031,91324,20220718,,,
77031,91360,20220718,,,
77031,91423,20220718,,,
77031,91303,20220718,,,
77031,90503,20220718,,,
77031,90048,20220718,,,
77031,90266,20220718,,,
77031,90064,20220718,,,
77031,92626,20220718,,,
77031,92821,20220718,,,
77031,89109,20220718,,,
77031,91739,20220718,,,
77031,92591,20220718,,,
77031,92503,20220718,,,
77031,92108,20220718,,,
77031,45236,20220718,,,
77031,40503,20220718,,,
77031,40222,20220718,,,
77031,44333,20220718,,,
77031,44136,20220718,,,
77031,43219,20220718,,,
77031,43016,20220718,,,
77031,43240,20220718,,,
77031,46250,20220718,,,
77031,66214,20220718,,,
77031,15237,20220718,,,
77031,15241,20220718,,,
77031,15146,20220718,,,
77031,63117,20220718,,,
77031,63017,20220718,,,
77031,63131,20220718,,,
77031,75225,20220718,,,
77031,75240,20220718,,,
77031,75034,20220718,,,
77031,76015,20220718,,,
77031,76053,20220718,,,
77031,77024,20220718,,,
77031,77056,20220718,,,
77031,77479,20220718,,,
77031,70809,20220718,,,
77031,70002,20220718,,,
77031,78216,20220718,,,
77031,78746,20220718,,,
77031,78256,20220718,,,
77031,78758,20220718,,,
77031,77070,20220718,,,
77031,77380,20220718,,,
77031,77546,20220718,,,
77031,30326,20220718,,,
77031,30346,20220718,,,
77031,30022,20220718,,,
77031,30519,20220718,,,
77031,30144,20220718,,,
77031,30339,20220718,,,
77031,35209,20220718,,,
77031,35244,20220718,,,
77031,33431,20220718,,,
77031,33410,20220718,,,
77031,33304,20220718,,,
77031,33414,20220718,,,
77031,33180,20220718,,,
77031,33172,20220718,,,
77031,33026,20220718,,,
77031,33156,20220718,,,
77031,29607,20220718,,,
77031,27612,20220718,,,
77031,27713,20220718,,,
77031,28211,20220718,,,
77031,38117,20220718,,,
77031,38133,20220718,,,
77031,37215,20220718,,,
77031,37067,20220718,,,
77031,32839,20220718,,,
77031,32809,20220718,,,
77031,33609,20220718,,,
77031,33761,20220718,,,
77031,10017,20220718,,,
77031,77031,20220718,,,
77031,77031,20220718,,,
77031,77072,20220718,,,
77031,94538,20220718,,,
77031,77072,20220718,,,
77031,77081,20220718,,,
77031,94551,20220718,,,
77031,33323,20220718,,,
77031,97071,20220718,,,
77031,60018,20220718,,,
77031,84043,20220718,,,
77031,28027,20220718,,,
77031,33401,20220718,,,
77031,22192,20220718,,,
77031,33928,20220718,,,
21074,21202,20220718,,,
21074,19103,20220718,,,
21074,21074,20220718,,,
21074,22042,20220718,,,
21074,21204,20220718,,,
21074,20036,20220718,,,
21074,20852,20220718,,,
21074,77031,20220718,,,
21074,21074,20220718,,,
21074,19041,20220718,,,
21074,30319,20220718,,,
21074,28211,20220718,,,
21074,23238,20220718,,,
21074,60091,20220718,,,
21074,21074,20220718,,,
21074,21074,20220718,,,
21074,21903,20220718,,,
21074,60602,20220718,,,
21074,48009,20220718,,,
21074,77019,20220718,,,
21074,35209,20220718,,,
21074,80206,20220718,,,
21074,38138,20220718,,,
21074,44122,20220718,,,
21074,14221,20220718,,,
21074,21074,20220718,,,
21074,15222,20220718,,,
21074,63141,20220718,,,
21074,21074,20220718,,,
21074,37215,20220718,,,
21074,45236,20220718,,,
21074,40222,20220718,,,
21074,11530,20220718,,,
21074,14618,20220718,,,
21074,80112,20220718,,,
21074,27605,20220718,,,
21074,55435,20220718,,,
21074,77063,20220718,,,
21074,21074,20220718,,,
21074,43085,20220718,,,
21074,48152,20220718,,,
21074,46240,20220718,,,
21074,77081,20220718,,,
21074,22202,20220718,,,
21074,32750,20220718,,,
21074,66209,20220718,,,
21074,30338,20220718,,,
21074,23454,20220718,,,
21074,75225,20220718,,,
21074,19807,20220718,,,
21074,45429,20220718,,,
21074,49506,20220718,,,
21074,78759,20220718,,,
21074,29607,20220718,,,
21074,19118,20220718,,,
21074,12524,20220718,,,
21074,10017,20220718,,,
21074,53045,20220718,,,
21074,77380,20220718,,,
21074,12203,20220718,,,
21074,28202,20220718,,,
21074,21401,20220718,,,
21074,32256,20220718,,,
21074,20190,20220718,,,
21074,11797,20220718,,,
21074,30096,20220718,,,
21074,77477,20220718,,,
21074,28803,20220718,,,
21074,37919,20220718,,,
21074,70130,20220718,,,
21074,39211,20220718,,,
21074,62301,20220718,,,
21074,62704,20220718,,,
21074,30909,20220718,,,
21074,70836,20220718,,,
21074,70002,20220718,,,
21074,34243,20220718,,,
21074,28314,20220718,,,
21074,16565,20220718,,,
21074,66044,20220718,,,
21074,54304,20220718,,,
21074,94608,20220718,,,
21074,97086,20220718,,,
21074,94588,20220718,,,
21074,13204,20220718,,,
21074,21074,20220718,,,
21074,21074,20220718,,,
21074,94538,20220718,,,
21074,21074,20220718,,,
21074,21074,20220718,,,
21074,21074,20220718,,,
21074,21784,20220718,,,
21074,21074,20220718,,,
21074,21074,20220718,,,
21074,21784,20220718,,,
21074,11901,20220718,,,
21074,77433,20220718,,,
21074,19464,20220718,,,
21074,21658,20220718,,,
21074,35094,20220718,,,
21074,65616,20220718,,,
21074,36535,20220718,,,
21074,17602,20220718,,,
21074,73127,20220718,,,
21074,45050,20220718,,,
21074,16565,20220718,,,
21074,78666,20220718,,,
21074,66044,20220718,,,
21074,10917,20220718,,,
21074,54304,20220718,,,
21074,33908,20220718,,,
21074,21740,20220718,,,
21074,80108,20220718,,,
21074,78664,20220718,,,
21074,30248,20220718,,,
21074,13204,20220718,,,
21074,94551,20220718,,,
21074,48326,20220718,,,
21074,39503,20220718,,,
21074,37090,20220718,,,
21074,29418,20220718,,,
21074,30188,20220718,,,
21074,63005,20220718,,,
21074,53158,20220718,,,
21074,32092,20220718,,,
21074,19971,20220718,,,
21074,46360,20220718,,,
21074,33401,20220718,,,
21074,55301,20220718,,,
21074,12845,20220718,,,
21074,40067,20220718,,,
21074,32550,20220718,,,
21074,29572,20220718,,,
21074,28278,20220718,,,
21074,46124,20220718,,,
21074,55122,20220718,,,
21074,31322,20220718,,,
21074,24018,20220718,,,
21074,53705,20220718,,,
21074,11030,20220718,,,
21074,21045,20220718,,,
21074,30339,20220718,,,
21074,77069,20220718,,,
21074,77096,20220718,,,
21074,77598,20220718,,,
21074,10583,20220718,,,
21074,32765,20220718,,,
21074,36106,20220718,,,
21074,75093,20220718,,,
21074,55113,20220718,,,
21074,48309,20220718,,,
21074,21074,20220718,,,
21074,27408,20220718,,,
21074,44113,20220718,,,
21074,20814,20220718,,,
21074,30062,20220718,,,
21074,22101,20220718,,,
21074,60035,20220718,,,
21074,60074,20220718,,,
21074,30022,20220718,,,
21074,60005,20220718,,,
21074,84107,20220718,,,
21074,84604,20220718,,,
21074,22903,20220718,,,
21074,30269,20220718,,,
21074,20002,20220718,,,
21074,63017,20220718,,,
21074,16127,20220718,,,
21074,21842,20220718,,,
21074,23188,20220718,,,
21074,30534,20220718,,,
21074,20176,20220718,,,
21074,15228,20220718,,,
21074,72211,20220718,,,
21074,80021,20220718,,,
21074,45209,20220718,,,
21074,19406,20220718,,,
21074,33609,20220718,,,
21074,80120,20220718,,,
21074,43219,20220718,,,
21074,38117,20220718,,,
21074,75093,20220718,,,
21074,76107,20220718,,,
21074,19342,20220718,,,
21074,66214,20220718,,,
21074,40241,20220718,,,
21074,15205,20220718,,,
21074,76092,20220718,,,
21074,22201,20220718,,,
21074,43240,20220718,,,
21074,14618,20220718,,,
21074,37421,20220718,,,
21074,37067,20220718,,,
21074,22033,20220718,,,
21074,44333,20220718,,,
21074,60134,20220718,,,
21074,27616,20220718,,,
21074,60462,20220718,,,
21074,19341,20220718,,,
21074,14225,20220718,,,
21074,13066,20220718,,,
21074,21784,20220718,,,
21074,21074,20220718,,,
21074,48912,20220718,,,
21074,77031,20220718,,,
21074,22102,20220718,,,
21074,48243,20220718,,,
21074,48604,20220718,,,
21074,29301,20220718,,,
21074,74114,20220718,,,
21074,35801,20220718,,,
21074,21146,20220718,,,
21074,53406,20220718,,,
21074,49418,20220718,,,
21074,17601,20220718,,,
21074,33414,20220718,,,
21074,73034,20220718,,,
21074,76308,20220718,,,
21074,89117,20220718,,,
21074,95825,20220718,,,
21074,32605,20220718,,,
21074,32789,20220718,,,
21074,33486,20220718,,,
21074,34238,20220718,,,
21074,22401,20220718,,,
21074,27265,20220718,,,
21074,25389,20220718,,,
21074,61615,20220718,,,
21074,93720,20220718,,,
21074,32504,20220718,,,
21074,21074,20220718,,,
21074,27511,20220718,,,
21074,20166,20220718,,,
21074,64154,20220718,,,
21074,32250,20220718,,,
21074,44512,20220718,,,
21074,53217,20220718,,,
21074,94111,20220718,,,
21074,19454,20220718,,,
21074,60614,20220718,,,
21074,55369,20220718,,,
21074,21704,20220718,,,
21074,20004,20220718,,,
21074,77339,20220718,,,
21074,60540,20220718,,,
21074,30064,20220718,,,
21074,29464,20220718,,,
21074,60026,20220718,,,
21074,15237,20220718,,,
21074,78209,20220718,,,
21074,11725,20220718,,,
21074,45069,20220718,,,
21074,32174,20220718,,,
21074,32541,20220718,,,
21074,80920,20220718,,,
21074,52806,20220718,,,
21074,28277,20220718,,,
21074,33304,20220718,,,
21074,91101,20220718,,,
21074,44124,20220718,,,
21074,22314,20220718,,,
21074,67206,20220718,,,
21074,46545,20220718,,,
21074,28405,20220718,,,
21074,65203,20220718,,,
21074,65804,20220718,,,
21074,27858,20220718,,,
21074,92037,20220718,,,
21074,68118,20220718,,,
21074,35244,20220718,,,
21074,89052,20220718,,,
21074,77010,20220718,,,
21074,76711,20220718,,,
21074,27713,20220718,,,
21074,77840,20220718,,,
21074,53562,20220718,,,
21074,92009,20220718,,,
21074,27103,20220718,,,
21074,29577,20220718,,,
21074,50266,20220718,,,
21074,91423,20220718,,,
21074,29928,20220718,,,
21074,44236,20220718,,,
21074,73118,20220718,,,
21074,95123,20220718,,,
21074,32940,20220718,,,
21074,60102,20220718,,,
21074,43551,20220718,,,
21074,17110,20220718,,,
21074,36527,20220718,,,
21074,21015,20220718,,,
21074,91739,20220718,,,
21074,20878,20220718,,,
21074,21076,20220718,,,
21074,78746,20220718,,,
21074,77479,20220718,,,
21074,94401,20220718,,,
21074,33907,20220718,,,
21074,27713,20220718,,,
21074,46032,20220718,,,
21074,78412,20220718,,,
21074,33761,20220718,,,
21074,40509,20220718,,,
21074,31904,20220718,,,
21074,90505,20220718,,,
21074,77027,20220718,,,
21074,98037,20220718,,,
21074,22601,20220718,,,
21074,28078,20220718,,,
21074,33324,20220718,,,
21074,21074,20220718,,,
21074,61821,20220718,,,
21074,73072,20220718,,,
21074,98101,20220718,,,
21074,46804,20220718,,,
21074,44718,20220718,,,
21074,78503,20220718,,,
21074,29401,20220718,,,
21074,21240,20220718,,,
21074,85254,20220718,,,
21074,20603,20220718,,,
21074,21030,20220718,,,
21074,71105,20220718,,,
21074,20716,20220718,,,
21074,30606,20220718,,,
21074,61761,20220718,,,
21074,79912,20220718,,,
21074,57106,20220718,,,
21074,60189,20220718,,,
21074,49423,20220718,,,
21074,17011,20220718,,,
21074,19064,20220718,,,
21074,54913,20220718,,,
21074,31405,20220718,,,
21074,92647,20220718,,,
21074,55125,20220718,,,
21074,71201,20220718,,,
21074,75040,20220718,,,
21074,46168,20220718,,,
21074,33710,20220718,,,
21074,38017,20220718,,,
21074,30363,20220718,,,
21074,76102,20220718,,,
21074,41017,20220718,,,
21074,29229,20220718,,,
21074,83702,20220718,,,
21074,92618,20220718,,,
21074,36830,20220718,,,
21074,93065,20220718,,,
21074,99201,20220718,,,
21074,94941,20220718,,,
21074,94301,20220718,,,
21074,94108,20220718,,,
21074,80538,20220718,,,
21074,51106,20220718,,,
21074,23233,20220718,,,
21074,17403,20220718,,,
21074,33803,20220718,,,
21074,14845,20220718,,,
21074,29501,20220718,,,
21074,85704,20220718,,,
21074,16803,20220718,,,
21074,37934,20220718,,,
21074,29732,20220718,,,
21074,21601,20220718,,,
21074,47715,20220718,,,
21074,89511,20220718,,,
21074,72401,20220718,,,
21074,23606,20220718,,,
21074,53226,20220718,,,
21074,95030,20220718,,,
21074,79424,20220718,,,
21074,11385,20220718,,,
21074,27804,20220718,,,
21074,43623,20220718,,,
21074,33410,20220718,,,
21074,20001,20220718,,,
21074,47906,20220718,,,
21074,30346,20220718,,,
21074,45202,20220718,,,
21074,55344,20220718,,,
21074,44116,20220718,,,
21074,75503,20220718,,,
21074,60201,20220718,,,
21074,72758,20220718,,,
21074,30078,20220718,,,
21074,48116,20220718,,,
21074,28262,20220718,,,
21074,92883,20220718,,,
21074,27514,20220718,,,
21074,87110,20220718,,,
21074,60068,20220718,,,
21074,79705,20220718,,,
21074,75201,20220718,,,
21074,35235,20220718,,,
21074,36608,20220718,,,
21074,60604,20220718,,,
21074,72205,20220718,,,
21074,80016,20220718,,,
21074,18034,20220718,,,
21074,33928,20220718,,,
21074,28374,20220718,,,
21074,60523,20220718,,,
21074,31601,20220718,,,
21074,48230,20220718,,,
21074,14127,20220718,,,
21074,91915,20220718,,,
21074,28601,20220718,,,
21074,80226,20220718,,,
21074,70508,20220718,,,
21074,79124,20220718,,,
21074,30092,20220718,,,
21074,10580,20220718,,,
21074,80238,20220718,,,
21074,60069,20220718,,,
21074,16066,20220718,,,
21074,77494,20220718,,,
21074,62208,20220718,,,
21074,13850,20220718,,,
21074,18507,20220718,,,
21074,76018,20220718,,,
21074,94549,20220718,,,
21074,60440,20220718,,,
21074,27215,20220718,,,
21074,32034,20220718,,,
21074,44136,20220718,,,
21074,68046,20220718,,,
21074,23320,20220718,,,
21074,33426,20220718,,,
21074,43017,20220718,,,
21074,32828,20220718,,,
21074,75077,20220718,,,
21074,90740,20220718,,,
21074,34787,20220718,,,
21074,37129,20220718,,,
21074,78258,20220718,,,
21074,18976,20220718,,,
21074,35404,20220718,,,
21074,19610,20220718,,,
21074,61112,20220718,,,
21074,33027,20220718,,,
21074,31522,20220718,,,
21074,78738,20220718,,,
21074,85295,20220718,,,
21074,64105,20220718,,,
21074,30265,20220718,,,
21074,46142,20220718,,,
21074,49002,20220718,,,
21074,60527,20220718,,,
21074,60173,20220718,,,
21074,75219,20220718,,,
21074,48044,20220718,,,
21074,90245,20220718,,,
21074,85204,20220718,,,
21074,92506,20220718,,,
21074,37075,20220718,,,
21074,34474,20220718,,,
21074,31210,20220718,,,
21074,75069,20220718,,,
21074,30041,20220718,,,
21074,95207,20220718,,,
21074,75104,20220718,,,
21074,32413,20220718,,,
21074,46060,20220718,,,
21074,77024,20220718,,,
21074,91709,20220718,,,
21074,95678,20220718,,,
21074,32162,20220718,,,
21074,78701,20220718,,,
21074,92660,20220718,,,
21074,77584,20220718,,,
21074,19047,20220718,,,
21074,20745,20220718,,,
21074,85085,20220718,,,
21074,19462,20220718,,,
21074,63367,20220718,,,
21074,75240,20220718,,,
21074,60010,20220718,,,
21074,24060,20220718,,,
21074,94513,20220718,,,
21074,15146,20220718,,,
21074,12866,20220718,,,
21074,91362,20220718,,,
21074,78256,20220718,,,
21074,33073,20220718,,,
21074,34108,20220718,,,
21074,33543,20220718,,,
21074,75034,20220718,,,
21074,38804,20220718,,,
21074,11743,20220718,,,
21074,32312,20220718,,,
21074,45040,20220718,,,
21074,44145,20220718,,,
21074,60661,20220718,,,
21074,35806,20220718,,,
21074,20815,20220718,,,
21074,32819,20220718,,,
21074,20155,20220718,,,
21074,37601,20220718,,,
21074,64086,20220718,,,
21074,23113,20220718,,,
21074,22191,20220718,,,
21074,90067,20220718,,,
21074,76177,20220718,,,
21074,39402,20220718,,,
21074,28277,20220718,,,
21074,36303,20220718,,,
21074,43221,20220718,,,
21074,24503,20220718,,,
21074,10549,20220718,,,
21074,26505,20220718,,,
21074,40507,20220718,,,
21074,35243,20220718,,,
21074,55402,20220718,,,
21074,38305,20220718,,,
21074,20005,20220718,,,
21074,10006,20220718,,,
21074,21157,20220718,,,
21074,11030,20220718,,,
21074,55416,20220718,,,
21074,77706,20220718,,,
21074,30519,20220718,,,
21074,28054,20220718,,,
21074,12065,20220718,,,
21074,63131,20220718,,,
21074,19090,20220718,,,
21074,84101,20220718,,,
21074,98004,20220718,,,
21074,15222,20220718,,,
21074,98188,20220718,,,
21074,33134,20220718,,,
21074,85226,20220718,,,
21074,38655,20220718,,,
21074,42104,20220718,,,
21074,35630,20220718,,,
21074,77005,20220718,,,
21074,75039,20220718,,,
21074,48104,20220718,,,
21074,85308,20220718,,,
21074,30144,20220718,,,
21074,35901,20220718,,,
21074,46204,20220718,,,
21074,75087,20220718,,,
21074,22030,20220718,,,
21074,75214,20220718,,,
21074,19713,20220718,,,
21074,20832,20220718,,,
21074,30303,20220718,,,
21074,75703,20220718,,,
21074,66208,20220718,,,
21074,48322,20220718,,,
21074,33176,20220718,,,
21074,60031,20220718,,,
21074,60045,20220718,,,
21074,68114,20220718,,,
21074,28562,20220718,,,
21074,97223,20220718,,,
21074,32746,20220718,,,
21074,37343,20220718,,,
21074,29206,20220718,,,
21074,29212,20220718,,,
21074,70471,20220718,,,
21074,91203,20220718,,,
21074,32246,20220718,,,
21074,11572,20220718,,,
21074,11702,20220718,,,
21074,92626,20220718,,,
21074,20007,20220718,,,
21074,20176,20220718,,,
21074,27612,20220718,,,
21074,92692,20220718,,,
21074,19348,20220718,,,
21074,85004,20220718,,,
21074,11790,20220718,,,
21074,30329,20220718,,,
21074,92782,20220718,,,
21074,21054,20220718,,,
21074,74133,20220718,,,
21074,19426,20220718,,,
21074,84095,20220718,,,
21074,33625,20220718,,,
21074,94105,20220718,,,
21074,33446,20220718,,,
21074,19301,20220718,,,
21074,25701,20220718,,,
21074,44022,20220718,,,
21074,83646,20220718,,,
21074,33127,20220718,,,
21074,27540,20220718,,,
21074,87501,20220718,,,
21074,63117,20220718,,,
21074,29483,20220718,,,
21074,77304,20220718,,,
21074,92260,20220718,,,
21074,98029,20220718,,,
21074,70601,20220718,,,
21074,78230,20220718,,,
21074,10954,20220718,,,
21074,85711,20220718,,,
21074,45011,20220718,,,
21074,32960,20220718,,,
21074,20186,20220718,,,
21074,80111,20220718,,,
21074,68510,20220718,,,
21074,94596,20220718,,,
21074,94526,20220718,,,
21074,93311,20220718,,,
21074,21208,20220718,,,
21074,98335,20220718,,,
21074,93036,20220718,,,
21074,20876,20220718,,,
21074,60093,20220718,,,
21074,11566,20220718,,,
21074,78660,20220718,,,
21074,95630,20220718,,,
21074,40503,20220718,,,
21074,94022,20220718,,,
21074,37207,20220718,,,
21074,75211,20220718,,,
21074,77031,20220718,,,
21074,77081,20220718,,,
21074,77081,20220718,,,
21074,77031,20220718,,,
21074,77031,20220718,,,
21074,77031,20220718,,,
21074,77031,20220718,,,
21074,77072,20220718,,,
21074,77031,20220718,,,
21074,77072,20220718,,,
21074,77056,20220718,,,
21074,77505,20220718,,,
21074,77015,20220718,,,
21074,77084,20220718,,,
21074,77338,20220718,,,
21074,77706,20220718,,,
21074,77042,20220718,,,
21074,77070,20220718,,,
21074,77546,20220718,,,
21074,77096,20220718,,,
21074,77084,20220718,,,
21074,77019,20220718,,,
21074,77479,20220718,,,
21074,77385,20220718,,,
21074,77303,20220718,,,
21074,77584,20220718,,,
21074,77056,20220718,,,
21074,77049,20220718,,,
21074,77389,20220718,,,
21074,78045,20220718,,,
21074,78759,20220718,,,
21074,76504,20220718,,,
21074,78253,20220718,,,
21074,78681,20220718,,,
21074,78748,20220718,,,
21074,78232,20220718,,,
21074,78526,20220718,,,
21074,88001,20220718,,,
21074,87507,20220718,,,
21074,78154,20220718,,,
21074,87114,20220718,,,
21074,79912,20220718,,,
21074,78752,20220718,,,
21074,78746,20220718,,,
21074,78613,20220718,,,
21074,78230,20220718,,,
21074,78216,20220718,,,
21074,78411,20220718,,,
21074,79925,20220718,,,
21074,78503,20220718,,,
21074,87110,20220718,,,
21074,76132,20220718,,,
21074,75254,20220718,,,
21074,75150,20220718,,,
21074,75093,20220718,,,
21074,75231,20220718,,,
21074,76107,20220718,,,
21074,76017,20220718,,,
21074,76053,20220718,,,
21074,75104,20220718,,,
21074,75225,20220718,,,
21074,75075,20220718,,,
21074,75703,20220718,,,
21074,79414,20220718,,,
21074,75067,20220718,,,
21074,76092,20220718,,,
21074,75063,20220718,,,
21074,75034,20220718,,,
21074,74133,20220718,,,
21074,73134,20220718,,,
21074,73118,20220718,,,
21074,73160,20220718,,,
21074,67207,20220718,,,
21074,76711,20220718,,,
21074,77840,20220718,,,
21074,79705,20220718,,,
21074,74055,20220718,,,
21074,75040,20220718,,,
21074,76205,20220718,,,
21074,79121,20220718,,,
21074,75002,20220718,,,
21074,76308,20220718,,,
21074,76018,20220718,,,
21074,75204,20220718,,,
21074,79606,20220718,,,
21074,76177,20220718,,,
21074,78130,20220718,,,
21074,76308,20220718,,,
21074,78745,20220718,,,
21074,80012,20220718,,,
21074,80301,20220718,,,
21074,80206,20220718,,,
21074,80126,20220718,,,
21074,80031,20220718,,,
21074,80226,20220718,,,
21074,80922,20220718,,,
21074,80123,20220718,,,
21074,80525,20220718,,,
21074,80124,20220718,,,
21074,80920,20220718,,,
21074,80021,20220718,,,
21074,80016,20220718,,,
21074,81505,20220718,,,
21074,82009,20220718,,,
21074,80922,20220718,,,
21074,80906,20220718,,,
21074,80016,20220718,,,
21074,70002,20220718,,,
21074,70058,20220718,,,
21074,70836,20220718,,,
21074,70503,20220718,,,
21074,71203,20220718,,,
21074,70601,20220718,,,
21074,71105,20220718,,,
21074,70458,20220718,,,
21074,70433,20220718,,,
21074,70360,20220718,,,
21074,39211,20220718,,,
21074,38671,20220718,,,
21074,39402,20220718,,,
21074,39531,20220718,,,
21074,39232,20220718,,,
21074,70726,20220718,,,
21074,38804,20220718,,,
21074,71301,20220718,,,
21074,36606,20220718,,,
21074,32504,20220718,,,
21074,71301,20220718,,,
21074,36608,20220718,,,
21074,36606,20220718,,,
21074,38804,20220718,,,
21074,32503,20220718,,,
21074,38671,20220718,,,
21074,39157,20220718,,,
21074,39402,20220718,,,
21074,71111,20220718,,,
21074,70815,20220718,,,
21074,70460,20220718,,,
21074,70433,20220718,,,
21074,70123,20220718,,,
21074,70065,20220718,,,
21074,70053,20220718,,,
21074,71203,20220718,,,
21074,71105,20220718,,,
21074,70836,20220718,,,
21074,70503,20220718,,,
21074,70002,20220718,,,
21074,38017,20220718,,,
21074,38119,20220718,,,
21074,38133,20220718,,,
21074,37215,20220718,,,
21074,37129,20220718,,,
21074,37115,20220718,,,
21074,37067,20220718,,,
21074,37122,20220718,,,
21074,37040,20220718,,,
21074,37934,20220718,,,
21074,37919,20220718,,,
21074,37601,20220718,,,
21074,38305,20220718,,,
21074,72211,20220718,,,
21074,72117,20220718,,,
21074,72756,20220718,,,
21074,72401,20220718,,,
21074,72903,20220718,,,
21074,37421,20220718,,,
21074,37129,20220718,,,
21074,37072,20220718,,,
21074,37040,20220718,,,
21074,37013,20220718,,,
21074,37415,20220718,,,
21074,37421,20220718,,,
21074,38305,20220718,,,
21074,37604,20220718,,,
21074,37934,20220718,,,
21074,37919,20220718,,,
21074,38017,20220718,,,
21074,37067,20220718,,,
21074,37215,20220718,,,
21074,38117,20220718,,,
21074,38133,20220718,,,
21074,66215,20220718,,,
21074,64081,20220718,,,
21074,64153,20220718,,,
21074,64057,20220718,,,
21074,66062,20220718,,,
21074,66604,20220718,,,
21074,66223,20220718,,,
21074,67205,20220718,,,
21074,66046,20220718,,,
21074,64153,20220718,,,
21074,64057,20220718,,,
21074,66604,20220718,,,
21074,66215,20220718,,,
21074,66211,20220718,,,
21074,63144,20220718,,,
21074,63033,20220718,,,
21074,63126,20220718,,,
21074,63017,20220718,,,
21074,62208,20220718,,,
21074,65804,20220718,,,
21074,63376,20220718,,,
21074,63131,20220718,,,
21074,63129,20220718,,,
21074,65203,20220718,,,
21074,62025,20220718,,,
21074,63701,20220718,,,
21074,64801,20220718,,,
21074,63701,20220718,,,
21074,64801,20220718,,,
21074,64506,20220718,,,
21074,63117,20220718,,,
21074,63129,20220718,,,
21074,63376,20220718,,,
21074,63005,20220718,,,
21074,63127,20220718,,,
21074,62208,20220718,,,
21074,59102,20220718,,,
21074,59801,20220718,,,
21074,93313,20220718,,,
21074,94538,20220718,,,
21074,98371,20220718,,,
21074,94560,20220718,,,
21074,94520,20220718,,,
21074,94132,20220718,,,
21074,95117,20220718,,,
21074,94545,20220718,,,
21074,95008,20220718,,,
21074,95010,20220718,,,
21074,94015,20220718,,,
21074,93906,20220718,,,
21074,94533,20220718,,,
21074,94588,20220718,,,
21074,94564,20220718,,,
21074,94568,20220718,,,
21074,95123,20220718,,,
21074,95118,20220718,,,
21074,94040,20220718,,,
21074,94538,20220718,,,
21074,94523,20220718,,,
21074,94103,20220718,,,
21074,94904,20220718,,,
21074,95117,20220718,,,
21074,94596,20220718,,,
21074,94087,20220718,,,
21074,94403,20220718,,,
21074,94577,20220718,,,
21074,94014,20220718,,,
21074,94583,20220718,,,
21074,94612,20220718,,,
21074,95403,20220718,,,
21074,94533,20220718,,,
21074,95129,20220718,,,
21074,95010,20220718,,,
21074,94608,20220718,,,
21074,94061,20220718,,,
21074,93940,20220718,,,
21074,94588,20220718,,,
21074,94945,20220718,,,
21074,94108,20220718,,,
21074,95035,20220718,,,
21074,94531,20220718,,,
21074,95037,20220718,,,
21074,95815,20220718,,,
21074,95814,20220718,,,
21074,95758,20220718,,,
21074,95678,20220718,,,
21074,95356,20220718,,,
21074,95348,20220718,,,
21074,93710,20220718,,,
21074,93612,20220718,,,
21074,95630,20220718,,,
21074,95825,20220718,,,
21074,95610,20220718,,,
21074,95678,20220718,,,
21074,95356,20220718,,,
21074,95207,20220718,,,
21074,95367,20220718,,,
21074,93710,20220718,,,
21074,93277,20220718,,,
21074,95814,20220718,,,
21074,93304,20220718,,,
21074,95928,20220718,,,
21074,95758,20220718,,,
21074,96003,20220718,,,
21074,95834,20220718,,,
21074,92126,20220718,,,
21074,92108,20220718,,,
21074,92029,20220718,,,
21074,92122,20220718,,,
21074,92020,20220718,,,
21074,92054,20220718,,,
21074,91950,20220718,,,
21074,92111,20220718,,,
21074,92024,20220718,,,
21074,91942,20220718,,,
21074,92128,20220718,,,
21074,91942,20220718,,,
21074,91915,20220718,,,
21074,91950,20220718,,,
21074,92008,20220718,,,
21074,92071,20220718,,,
21074,92122,20220718,,,
21074,92025,20220718,,,
21074,92108,20220718,,,
21074,89169,20220718,,,
21074,89117,20220718,,,
21074,89502,20220718,,,
21074,89014,20220718,,,
21074,89108,20220718,,,
21074,89113,20220718,,,
21074,89109,20220718,,,
21074,89014,20220718,,,
21074,89502,20220718,,,
21074,89107,20220718,,,
21074,89109,20220718,,,
21074,85028,20220718,,,
21074,85281,20220718,,,
21074,85016,20220718,,,
21074,85250,20220718,,,
21074,85382,20220718,,,
21074,85044,20220718,,,
21074,85705,20220718,,,
21074,85711,20220718,,,
21074,85085,20220718,,,
21074,85254,20220718,,,
21074,85206,20220718,,,
21074,85226,20220718,,,
21074,85295,20220718,,,
21074,85383,20220718,,,
21074,85392,20220718,,,
21074,86314,20220718,,,
21074,85302,20220718,,,
21074,85283,20220718,,,
21074,85032,20220718,,,
21074,85032,20220718,,,
21074,85051,20220718,,,
21074,85206,20220718,,,
21074,85711,20220718,,,
21074,85705,20220718,,,
21074,85044,20220718,,,
21074,85382,20220718,,,
21074,85250,20220718,,,
21074,85202,20220718,,,
21074,97030,20220718,,,
21074,97124,20220718,,,
21074,84790,20220718,,,
21074,97504,20220718,,,
21074,98188,20220718,,,
21074,98903,20220718,,,
21074,98233,20220718,,,
21074,98662,20220718,,,
21074,97703,20220718,,,
21074,84405,20220718,,,
21074,97224,20220718,,,
21074,84341,20220718,,,
21074,84106,20220718,,,
21074,97030,20220718,,,
21074,97124,20220718,,,
21074,84097,20220718,,,
21074,84009,20220718,,,
21074,84107,20220718,,,
21074,84070,20220718,,,
21074,84041,20220718,,,
21074,98373,20220718,,,
21074,99336,20220718,,,
21074,97401,20220718,,,
21074,98001,20220718,,,
21074,97232,20220718,,,
21074,98502,20220718,,,
21074,98125,20220718,,,
21074,99207,20220718,,,
21074,98004,20220718,,,
21074,98409,20220718,,,
21074,98037,20220718,,,
21074,98052,20220718,,,
21074,98188,20220718,,,
21074,98226,20220718,,,
21074,98383,20220718,,,
21074,98101,20220718,,,
21074,83704,20220718,,,
21074,97204,20220718,,,
21074,97015,20220718,,,
21074,97005,20220718,,,
21074,97303,20220718,,,
21074,83406,20220718,,,
21074,83301,20220718,,,
21074,92647,20220718,,,
21074,91367,20220718,,,
21074,90403,20220718,,,
21074,91324,20220718,,,
21074,92503,20220718,,,
21074,92821,20220718,,,
21074,92704,20220718,,,
21074,90504,20220718,,,
21074,92606,20220718,,,
21074,93036,20220718,,,
21074,91203,20220718,,,
21074,92408,20220718,,,
21074,90703,20220718,,,
21074,91739,20220718,,,
21074,91101,20220718,,,
21074,93101,20220718,,,
21074,91763,20220718,,,
21074,91006,20220718,,,
21074,92630,20220718,,,
21074,90712,20220718,,,
21074,91355,20220718,,,
21074,91360,20220718,,,
21074,91754,20220718,,,
21074,90292,20220718,,,
21074,92808,20220718,,,
21074,91790,20220718,,,
21074,91710,20220718,,,
21074,93551,20220718,,,
21074,92868,20220718,,,
21074,92591,20220718,,,
21074,93063,20220718,,,
21074,92691,20220718,,,
21074,91502,20220718,,,
21074,93405,20220718,,,
21074,92881,20220718,,,
21074,92374,20220718,,,
21074,90712,20220718,,,
21074,92260,20220718,,,
21074,90048,20220718,,,
21074,92260,20220718,,,
21074,92374,20220718,,,
21074,91604,20220718,,,
21074,91344,20220718,,,
21074,90640,20220718,,,
21074,90278,20220718,,,
21074,90241,20220718,,,
21074,90211,20220718,,,
21074,90045,20220718,,,
21074,92691,20220718,,,
21074,93065,20220718,,,
21074,92591,20220718,,,
21074,92865,20220718,,,
21074,93551,20220718,,,
21074,91790,20220718,,,
21074,91355,20220718,,,
21074,91763,20220718,,,
21074,91101,20220718,,,
21074,92408,20220718,,,
21074,92705,20220718,,,
21074,91210,20220718,,,
21074,92821,20220718,,,
21074,92503,20220718,,,
21074,91324,20220718,,,
21074,90403,20220718,,,
21074,92653,20220718,,,
21074,92656,20220718,,,
21074,99515,20220718,,,
21074,99504,20220718,,,
21074,96814,20220718,,,
21074,30093,20220718,,,
21074,34787,20220718,,,
21074,23231,20220718,,,
21074,30071,20220718,,,
21074,30144,20220718,,,
21074,30096,20220718,,,
21074,30305,20220718,,,
21074,30339,20220718,,,
21074,30022,20220718,,,
21074,30078,20220718,,,
21074,30345,20220718,,,
21074,30253,20220718,,,
21074,30346,20220718,,,
21074,30909,20220718,,,
21074,31406,20220718,,,
21074,30214,20220718,,,
21074,30519,20220718,,,
21074,30135,20220718,,,
21074,30038,20220718,,,
21074,31210,20220718,,,
21074,31909,20220718,,,
21074,30265,20220718,,,
21074,30606,20220718,,,
21074,31707,20220718,,,
21074,30068,20220718,,,
21074,31707,20220718,,,
21074,30606,20220718,,,
21074,30326,20220718,,,
21074,30326,20220718,,,
21074,30269,20220718,,,
21074,30064,20220718,,,
21074,30033,20220718,,,
21074,31909,20220718,,,
21074,31206,20220718,,,
21074,30038,20220718,,,
21074,30135,20220718,,,
21074,30519,20220718,,,
21074,30909,20220718,,,
21074,30260,20220718,,,
21074,30346,20220718,,,
21074,30078,20220718,,,
21074,30022,20220718,,,
21074,30339,20220718,,,
21074,30096,20220718,,,
21074,30096,20220718,,,
21074,30144,20220718,,,
21074,27518,20220718,,,
21074,27707,20220718,,,
21074,28210,20220718,,,
21074,28105,20220718,,,
21074,28134,20220718,,,
21074,28213,20220718,,,
21074,27103,20220718,,,
21074,27616,20220718,,,
21074,27407,20220718,,,
21074,27408,20220718,,,
21074,29407,20220718,,,
21074,29212,20220718,,,
21074,29607,20220718,,,
21074,28805,20220718,,,
21074,28403,20220718,,,
21074,28216,20220718,,,
21074,29464,20220718,,,
21074,29577,20220718,,,
21074,27834,20220718,,,
21074,27713,20220718,,,
21074,27617,20220718,,,
21074,29229,20220718,,,
21074,29205,20220718,,,
21074,29501,20220718,,,
21074,29621,20220718,,,
21074,28303,20220718,,,
21074,29301,20220718,,,
21074,28602,20220718,,,
21074,28027,20220718,,,
21074,29730,20220718,,,
21074,28216,20220718,,,
21074,29501,20220718,,,
21074,27215,20220718,,,
21074,29301,20220718,,,
21074,29730,20220718,,,
21074,29577,20220718,,,
21074,29607,20220718,,,
21074,29223,20220718,,,
21074,29205,20220718,,,
21074,29212,20220718,,,
21074,29406,20220718,,,
21074,29407,20220718,,,
21074,28054,20220718,,,
21074,28025,20220718,,,
21074,27834,20220718,,,
21074,28405,20220718,,,
21074,28403,20220718,,,
21074,27407,20220718,,,
21074,27616,20220718,,,
21074,27612,20220718,,,
21074,27604,20220718,,,
21074,27103,20220718,,,
21074,27103,20220718,,,
21074,28134,20220718,,,
21074,28277,20220718,,,
21074,28212,20220718,,,
21074,28211,20220718,,,
21074,27713,20220718,,,
21074,27713,20220718,,,
21074,27701,20220718,,,
21074,27511,20220718,,,
21074,32701,20220718,,,
21074,32803,20220718,,,
21074,33759,20220718,,,
21074,33609,20220718,,,
21074,33618,20220718,,,
21074,33511,20220718,,,
21074,32246,20220718,,,
21074,32218,20220718,,,
21074,33710,20220718,,,
21074,32839,20220718,,,
21074,32301,20220718,,,
21074,33559,20220718,,,
21074,34239,20220718,,,
21074,34787,20220718,,,
21074,32904,20220718,,,
21074,32073,20220718,,,
21074,33907,20220718,,,
21074,32114,20220718,,,
21074,33625,20220718,,,
21074,32605,20220718,,,
21074,33071,20220718,,,
21074,33012,20220718,,,
21074,33180,20220718,,,
21074,33410,20220718,,,
21074,33156,20220718,,,
21074,33324,20220718,,,
21074,33183,20220718,,,
21074,33409,20220718,,,
21074,33434,20220718,,,
21074,33305,20220718,,,
21074,33026,20220718,,,
21074,33426,20220718,,,
21074,33172,20220718,,,
21074,34994,20220718,,,
21074,34110,20220718,,,
21074,33414,20220718,,,
21074,32828,20220718,,,
21074,32940,20220718,,,
21074,33928,20220718,,,
21074,33809,20220718,,,
21074,34741,20220718,,,
21074,32541,20220718,,,
21074,33134,20220718,,,
21074,32413,20220718,,,
21074,33189,20220718,,,
21074,33127,20220718,,,
21074,32256,20220718,,,
21074,34243,20220718,,,
21074,33004,20220718,,,
21074,33134,20220718,,,
21074,33189,20220718,,,
21074,33913,20220718,,,
21074,34957,20220718,,,
21074,34787,20220718,,,
21074,34761,20220718,,,
21074,34741,20220718,,,
21074,34474,20220718,,,
21074,33414,20220718,,,
21074,33409,20220718,,,
21074,33323,20220718,,,
21074,33062,20220718,,,
21074,32765,20220718,,,
21074,33809,20220718,,,
21074,32940,20220718,,,
21074,33426,20220718,,,
21074,33026,20220718,,,
21074,33431,20220718,,,
21074,33388,20220718,,,
21074,33156,20220718,,,
21074,33410,20220718,,,
21074,32114,20220718,,,
21074,33180,20220718,,,
21074,33012,20220718,,,
21074,32073,20220718,,,
21074,33071,20220718,,,
21074,32605,20220718,,,
21074,34238,20220718,,,
21074,32303,20220718,,,
21074,32301,20220718,,,
21074,32256,20220718,,,
21074,32246,20220718,,,
21074,32225,20220718,,,
21074,33511,20220718,,,
21074,33625,20220718,,,
21074,33612,20220718,,,
21074,33609,20220718,,,
21074,33607,20220718,,,
21074,33759,20220718,,,
21074,32839,20220718,,,
21074,32809,20220718,,,
21074,32803,20220718,,,
21074,32701,20220718,,,
21074,35242,20220718,,,
21074,35244,20220718,,,
21074,35806,20220718,,,
21074,36117,20220718,,,
21074,36527,20220718,,,
21074,35801,20220718,,,
21074,36801,20220718,,,
21074,36303,20220718,,,
21074,35404,20220718,,,
21074,35235,20220718,,,
21074,35404,20220718,,,
21074,35235,20220718,,,
21074,36527,20220718,,,
21074,36117,20220718,,,
21074,35801,20220718,,,
21074,35806,20220718,,,
21074,35244,20220718,,,
21074,20166,20220718,,,
21074,20190,20220718,,,
21074,22150,20220718,,,
21074,20877,20220718,,,
21074,22033,20220718,,,
21074,20045,20220718,,,
21074,22192,20220718,,,
21074,20852,20220718,,,
21074,21046,20220718,,,
21074,22182,20220718,,,
21074,22401,20220718,,,
21074,20036,20220718,,,
21074,20601,20220718,,,
21074,22305,20220718,,,
21074,21401,20220718,,,
21074,21208,20220718,,,
21074,21204,20220718,,,
21074,21236,20220718,,,
21074,21076,20220718,,,
21074,20109,20220718,,,
21074,21014,20220718,,,
21074,21054,20220718,,,
21074,24012,20220718,,,
21074,21704,20220718,,,
21074,20910,20220718,,,
21074,20716,20220718,,,
21074,20706,20220718,,,
21074,25309,20220718,,,
21074,21740,20220718,,,
21074,21157,20220718,,,
21074,23320,20220718,,,
21074,23235,20220718,,,
21074,23060,20220718,,,
21074,23462,20220718,,,
21074,23602,20220718,,,
21074,23510,20220718,,,
21074,22901,20220718,,,
21074,23112,20220718,,,
21074,23059,20220718,,,
21074,21801,20220718,,,
21074,26105,20220718,,,
21074,22601,20220718,,,
21074,21801,20220718,,,
21074,21224,20220718,,,
21074,21117,20220718,,,
21074,21061,20220718,,,
21074,21061,20220718,,,
21074,20902,20220718,,,
21074,20895,20220718,,,
21074,20817,20220718,,,
21074,20782,20220718,,,
21074,24540,20220718,,,
21074,24502,20220718,,,
21074,23834,20220718,,,
21074,23666,20220718,,,
21074,22202,20220718,,,
21074,22102,20220718,,,
21074,22901,20220718,,,
21074,23502,20220718,,,
21074,23602,20220718,,,
21074,23059,20220718,,,
21074,23452,20220718,,,
21074,23294,20220718,,,
21074,23235,20220718,,,
21074,23229,20220718,,,
21074,23321,20220718,,,
21074,23320,20220718,,,
21074,20716,20220718,,,
21074,21703,20220718,,,
21074,24012,20220718,,,
21074,21014,20220718,,,
21074,20109,20220718,,,
21074,21244,20220718,,,
21074,21204,20220718,,,
21074,21401,20220718,,,
21074,20603,20220718,,,
21074,22407,20220718,,,
21074,21044,20220718,,,
21074,22192,20220718,,,
21074,20877,20220718,,,
21074,22033,20220718,,,
21074,22150,20220718,,,
21074,20166,20220718,,,
21074,60101,20220718,,,
21074,55113,20220718,,,
21074,55435,20220718,,,
21074,55305,20220718,,,
21074,55337,20220718,,,
21074,55402,20220718,,,
21074,55125,20220718,,,
21074,55902,20220718,,,
21074,55448,20220718,,,
21074,55369,20220718,,,
21074,55109,20220718,,,
21074,56301,20220718,,,
21074,55344,20220718,,,
21074,55811,20220718,,,
21074,55121,20220718,,,
21074,50266,20220718,,,
21074,52807,20220718,,,
21074,51106,20220718,,,
21074,52402,20220718,,,
21074,51501,20220718,,,
21074,52241,20220718,,,
21074,50702,20220718,,,
21074,50021,20220718,,,
21074,52002,20220718,,,
21074,68510,20220718,,,
21074,68114,20220718,,,
21074,68144,20220718,,,
21074,68803,20220718,,,
21074,54401,20220718,,,
21074,54701,20220718,,,
21074,57106,20220718,,,
21074,57701,20220718,,,
21074,58103,20220718,,,
21074,58503,20220718,,,
21074,58201,20220718,,,
21074,57106,20220718,,,
21074,68114,20220718,,,
21074,68144,20220718,,,
21074,68114,20220718,,,
21074,51503,20220718,,,
21074,50266,20220718,,,
21074,55811,20220718,,,
21074,55425,20220718,,,
21074,55109,20220718,,,
21074,55344,20220718,,,
21074,55902,20220718,,,
21074,55128,20220718,,,
21074,55306,20220718,,,
21074,55305,20220718,,,
21074,55435,20220718,,,
21074,55113,20220718,,,
21074,48083,20220718,,,
21074,48315,20220718,,,
21074,48307,20220718,,,
21074,48089,20220718,,,
21074,48073,20220718,,,
21074,48103,20220718,,,
21074,48334,20220718,,,
21074,48124,20220718,,,
21074,48066,20220718,,,
21074,48180,20220718,,,
21074,48185,20220718,,,
21074,49512,20220718,,,
21074,48507,20220718,,,
21074,48302,20220718,,,
21074,48375,20220718,,,
21074,48917,20220718,,,
21074,48604,20220718,,,
21074,43623,20220718,,,
21074,49002,20220718,,,
21074,48359,20220718,,,
21074,49418,20220718,,,
21074,48236,20220718,,,
21074,48116,20220718,,,
21074,48864,20220718,,,
21074,49202,20220718,,,
21074,49444,20220718,,,
21074,49684,20220718,,,
21074,43623,20220718,,,
21074,49684,20220718,,,
21074,49444,20220718,,,
21074,49418,20220718,,,
21074,49202,20220718,,,
21074,49015,20220718,,,
21074,48864,20220718,,,
21074,48706,20220718,,,
21074,48642,20220718,,,
21074,48509,20220718,,,
21074,48326,20220718,,,
21074,48313,20220718,,,
21074,48225,20220718,,,
21074,48152,20220718,,,
21074,48059,20220718,,,
21074,48025,20220718,,,
21074,49024,20220718,,,
21074,48604,20220718,,,
21074,48602,20220718,,,
21074,48917,20220718,,,
21074,48377,20220718,,,
21074,48507,20220718,,,
21074,49512,20220718,,,
21074,48185,20220718,,,
21074,48180,20220718,,,
21074,48066,20220718,,,
21074,48126,20220718,,,
21074,48103,20220718,,,
21074,48083,20220718,,,
21074,46123,20220718,,,
21074,46142,20220718,,,
21074,46250,20220718,,,
21074,46032,20220718,,,
21074,46805,20220718,,,
21074,46545,20220718,,,
21074,47905,20220718,,,
21074,46060,20220718,,,
21074,47802,20220718,,,
21074,47303,20220718,,,
21074,47401,20220718,,,
21074,46902,20220718,,,
21074,46224,20220718,,,
21074,47802,20220718,,,
21074,46032,20220718,,,
21074,47715,20220718,,,
21074,47129,20220718,,,
21074,46545,20220718,,,
21074,46805,20220718,,,
21074,46250,20220718,,,
21074,46250,20220718,,,
21074,46142,20220718,,,
21074,46142,20220718,,,
21074,44333,20220718,,,
21074,44512,20220718,,,
21074,44060,20220718,,,
21074,44070,20220718,,,
21074,44124,20220718,,,
21074,44310,20220718,,,
21074,44720,20220718,,,
21074,44136,20220718,,,
21074,44011,20220718,,,
21074,45236,20220718,,,
21074,41042,20220718,,,
21074,45246,20220718,,,
21074,45245,20220718,,,
21074,45459,20220718,,,
21074,45431,20220718,,,
21074,43219,20220718,,,
21074,43212,20220718,,,
21074,43016,20220718,,,
21074,43240,20220718,,,
21074,44906,20220718,,,
21074,43950,20220718,,,
21074,43537,20220718,,,
21074,44484,20220718,,,
21074,45805,20220718,,,
21074,45011,20220718,,,
21074,45011,20220718,,,
21074,45459,20220718,,,
21074,45431,20220718,,,
21074,45251,20220718,,,
21074,44122,20220718,,,
21074,43232,20220718,,,
21074,43537,20220718,,,
21074,45805,20220718,,,
21074,44870,20220718,,,
21074,43950,20220718,,,
21074,43016,20220718,,,
21074,44906,20220718,,,
21074,43240,20220718,,,
21074,43228,20220718,,,
21074,43219,20220718,,,
21074,44136,20220718,,,
21074,44720,20220718,,,
21074,15237,20220718,,,
21074,15601,20220718,,,
21074,15146,20220718,,,
21074,15241,20220718,,,
21074,15120,20220718,,,
21074,15275,20220718,,,
21074,16565,20220718,,,
21074,16066,20220718,,,
21074,16803,20220718,,,
21074,15205,20220718,,,
21074,15146,20220718,,,
21074,15237,20220718,,,
21074,60077,20220718,,,
21074,60189,20220718,,,
21074,60181,20220718,,,
21074,60173,20220718,,,
21074,60714,20220718,,,
21074,60409,20220718,,,
21074,60061,20220718,,,
21074,60614,20220718,,,
21074,60108,20220718,,,
21074,60004,20220718,,,
21074,60603,20220718,,,
21074,60706,20220718,,,
21074,60440,20220718,,,
21074,46342,20220718,,,
21074,60462,20220718,,,
21074,60015,20220718,,,
21074,60453,20220718,,,
21074,60134,20220718,,,
21074,60504,20220718,,,
21074,60014,20220718,,,
21074,61107,20220718,,,
21074,61615,20220718,,,
21074,61704,20220718,,,
21074,60305,20220718,,,
21074,60543,20220718,,,
21074,61822,20220718,,,
21074,62704,20220718,,,
21074,60102,20220718,,,
21074,54650,20220718,,,
21074,53217,20220718,,,
21074,53220,20220718,,,
21074,53024,20220718,,,
21074,60611,20220718,,,
21074,53045,20220718,,,
21074,53717,20220718,,,
21074,54913,20220718,,,
21074,54304,20220718,,,
21074,53406,20220718,,,
21074,53704,20220718,,,
21074,53222,20220718,,,
21074,60435,20220718,,,
21074,53719,20220718,,,
21074,54650,20220718,,,
21074,53217,20220718,,,
21074,53129,20220718,,,
21074,53129,20220718,,,
21074,53226,20220718,,,
21074,53226,20220718,,,
21074,53406,20220718,,,
21074,54304,20220718,,,
21074,54913,20220718,,,
21074,53005,20220718,,,
21074,53005,20220718,,,
21074,46410,20220718,,,
21074,60031,20220718,,,
21074,60607,20220718,,,
21074,60440,20220718,,,
21074,62704,20220718,,,
21074,60805,20220718,,,
21074,60546,20220718,,,
21074,60564,20220718,,,
21074,60527,20220718,,,
21074,60523,20220718,,,
21074,60453,20220718,,,
21074,60443,20220718,,,
21074,60438,20220718,,,
21074,60431,20220718,,,
21074,60010,20220718,,,
21074,60174,20220718,,,
21074,60148,20220718,,,
21074,60118,20220718,,,
21074,60091,20220718,,,
21074,60031,20220718,,,
21074,60008,20220718,,,
21074,61613,20220718,,,
21074,61108,20220718,,,
21074,60504,20220718,,,
21074,60134,20220718,,,
21074,60014,20220718,,,
21074,60462,20220718,,,
21074,60462,20220718,,,
21074,60706,20220718,,,
21074,60657,20220718,,,
21074,60641,20220718,,,
21074,60610,20220718,,,
21074,60638,20220718,,,
21074,60607,20220718,,,
21074,60603,20220718,,,
21074,60089,20220718,,,
21074,60108,20220718,,,
21074,60108,20220718,,,
21074,60614,20220718,,,
21074,60061,20220718,,,
21074,60409,20220718,,,
21074,60173,20220718,,,
21074,60187,20220718,,,
21074,60077,20220718,,,
21074,40241,20220718,,,
21074,40222,20220718,,,
21074,47715,20220718,,,
21074,40503,20220718,,,
21074,42104,20220718,,,
21074,40509,20220718,,,
21074,40219,20220718,,,
21074,42104,20220718,,,
21074,42001,20220718,,,
21074,40503,20220718,,,
21074,40241,20220718,,,
21074,40222,20220718,,,
21074,40219,20220718,,,
21074,18640,20220718,,,
21074,19406,20220718,,,
21074,19047,20220718,,,
21074,19090,20220718,,,
21074,19454,20220718,,,
21074,19114,20220718,,,
21074,19103,20220718,,,
21074,17601,20220718,,,
21074,17112,20220718,,,
21074,18052,20220718,,,
21074,19462,20220718,,,
21074,19064,20220718,,,
21074,19341,20220718,,,
21074,19610,20220718,,,
21074,17402,20220718,,,
21074,18519,20220718,,,
21074,18702,20220718,,,
21074,18951,20220718,,,
21074,17011,20220718,,,
21074,16602,20220718,,,
21074,19464,20220718,,,
21074,19702,20220718,,,
21074,19803,20220718,,,
21074,19901,20220718,,,
21074,17402,20220718,,,
21074,17011,20220718,,,
21074,19901,20220718,,,
21074,19803,20220718,,,
21074,19702,20220718,,,
21074,19082,20220718,,,
21074,19020,20220718,,,
21074,16602,20220718,,,
21074,19341,20220718,,,
21074,19064,20220718,,,
21074,19462,20220718,,,
21074,18052,20220718,,,
21074,18052,20220718,,,
21074,17111,20220718,,,
21074,17601,20220718,,,
21074,19150,20220718,,,
21074,19107,20220718,,,
21074,19149,20220718,,,
21074,19454,20220718,,,
21074,19090,20220718,,,
21074,19047,20220718,,,
21074,19406,20220718,,,
21074,14225,20220718,,,
21074,14226,20220718,,,
21074,14750,20220718,,,
21074,14075,20220718,,,
21074,14626,20220718,,,
21074,14623,20220718,,,
21074,14564,20220718,,,
21074,13214,20220718,,,
21074,13039,20220718,,,
21074,12304,20220718,,,
21074,12065,20220718,,,
21074,12205,20220718,,,
21074,13413,20220718,,,
21074,14225,20220718,,,
21074,14845,20220718,,,
21074,14219,20220718,,,
21074,14150,20220718,,,
21074,10314,20220718,,,
21074,10017,20220718,,,
21074,11375,20220718,,,
21074,11514,20220718,,,
21074,11755,20220718,,,
21074,11772,20220718,,,
21074,11746,20220718,,,
21074,10011,20220718,,,
21074,10954,20220718,,,
21074,10006,20220718,,,
21074,11581,20220718,,,
21074,10475,20220718,,,
21074,10607,20220718,,,
21074,11572,20220718,,,
21074,11360,20220718,,,
21074,10583,20220718,,,
21074,13850,20220718,,,
21074,11803,20220718,,,
21074,12601,20220718,,,
21074,11217,20220718,,,
21074,10118,20220718,,,
21074,14845,20220718,,,
21074,11762,20220718,,,
21074,10017,20220718,,,
21074,11210,20220718,,,
21074,10941,20220718,,,
21074,10021,20220718,,,
21074,11706,20220718,,,
21074,12401,20220718,,,
21074,10020,20220718,,,
21074,10016,20220718,,,
21074,10601,20220718,,,
21074,10598,20220718,,,
21074,11746,20220718,,,
21074,12601,20220718,,,
21074,11755,20220718,,,
21074,11706,20220718,,,
21074,11530,20220718,,,
21074,13214,20220718,,,
21074,10954,20220718,,,
21074,10940,20220718,,,
21074,11590,20220718,,,
21074,10314,20220718,,,
21074,10001,20220718,,,
21074,11030,20220718,,,
21074,11234,20220718,,,
21074,10314,20220718,,,
21074,22102,20220718,,,
21074,20603,20220718,,,
21074,20817,20220718,,,
21074,21044,20220718,,,
21074,21401,20220718,,,
21074,11530,20220718,,,
21074,19090,20220718,,,
21074,20005,20220718,,,
21074,21204,20220718,,,
21074,18052,20220718,,,
21074,19702,20220718,,,
21074,12205,20220718,,,
21074,19406,20220718,,,
21074,21236,20220718,,,
21074,22202,20220718,,,
21074,11746,20220718,,,
21074,14564,20220718,,,
21074,14225,20220718,,,
21074,13202,20220718,,,
21074,23233,20220718,,,
21074,11354,20220718,,,
21074,10994,20220718,,,
21074,19107,20220718,,,
21074,60602,20220718,,,
21074,22033,20220718,,,
21074,60523,20220718,,,
21074,60077,20220718,,,
21074,60611,20220718,,,
21074,53705,20220718,,,
21074,55435,20220718,,,
21074,55305,20220718,,,
21074,55113,20220718,,,
21074,55425,20220718,,,
21074,23452,20220718,,,
21074,60173,20220718,,,
21074,53226,20220718,,,
21074,48377,20220718,,,
21074,48313,20220718,,,
21074,49512,20220718,,,
21074,49002,20220718,,,
21074,94520,20220718,,,
21074,94596,20220718,,,
21074,95401,20220718,,,
21074,94588,20220718,,,
21074,94304,20220718,,,
21074,95356,20220718,,,
21074,80209,20220718,,,
21074,80124,20220718,,,
21074,95050,20220718,,,
21074,93710,20220718,,,
21074,93940,20220718,,,
21074,98101,20220718,,,
21074,98004,20220718,,,
21074,98037,20220718,,,
21074,98125,20220718,,,
21074,97086,20220718,,,
21074,97223,20220718,,,
21074,83704,20220718,,,
21074,95814,20220718,,,
21074,95678,20220718,,,
21074,89502,20220718,,,
21074,94102,20220718,,,
21074,98188,20220718,,,
21074,98409,20220718,,,
21074,84111,20220718,,,
21074,85251,20220718,,,
21074,85226,20220718,,,
21074,96814,20220718,,,
21074,91007,20220718,,,
21074,91324,20220718,,,
21074,91360,20220718,,,
21074,91423,20220718,,,
21074,91303,20220718,,,
21074,90503,20220718,,,
21074,90048,20220718,,,
21074,90266,20220718,,,
21074,90064,20220718,,,
21074,92626,20220718,,,
21074,92821,20220718,,,
21074,89109,20220718,,,
21074,91739,20220718,,,
21074,92591,20220718,,,
21074,92503,20220718,,,
21074,92108,20220718,,,
21074,45236,20220718,,,
21074,40503,20220718,,,
21074,40222,20220718,,,
21074,44333,20220718,,,
21074,44136,20220718,,,
21074,43219,20220718,,,
21074,43016,20220718,,,
21074,43240,20220718,,,
21074,46250,20220718,,,
21074,66214,20220718,,,
21074,15237,20220718,,,
21074,15241,20220718,,,
21074,15146,20220718,,,
21074,63117,20220718,,,
21074,63017,20220718,,,
21074,63131,20220718,,,
21074,75225,20220718,,,
21074,75240,20220718,,,
21074,75034,20220718,,,
21074,76015,20220718,,,
21074,76053,20220718,,,
21074,77024,20220718,,,
21074,77056,20220718,,,
21074,77479,20220718,,,
21074,70809,20220718,,,
21074,70002,20220718,,,
21074,78216,20220718,,,
21074,78746,20220718,,,
21074,78256,20220718,,,
21074,78758,20220718,,,
21074,77070,20220718,,,
21074,77380,20220718,,,
21074,77546,20220718,,,
21074,30326,20220718,,,
21074,30346,20220718,,,
21074,30022,20220718,,,
21074,30519,20220718,,,
21074,30144,20220718,,,
21074,30339,20220718,,,
21074,35209,20220718,,,
21074,35244,20220718,,,
21074,33431,20220718,,,
21074,33410,20220718,,,
21074,33304,20220718,,,
21074,33414,20220718,,,
21074,33180,20220718,,,
21074,33172,20220718,,,
21074,33026,20220718,,,
21074,33156,20220718,,,
21074,29607,20220718,,,
21074,27612,20220718,,,
21074,27713,20220718,,,
21074,28211,20220718,,,
21074,38117,20220718,,,
21074,38133,20220718,,,
21074,37215,20220718,,,
21074,37067,20220718,,,
21074,32839,20220718,,,
21074,32809,20220718,,,
21074,33609,20220718,,,
21074,33761,20220718,,,
21074,10017,20220718,,,
21074,77031,20220718,,,
21074,77031,20220718,,,
21074,77072,20220718,,,
21074,94538,20220718,,,
21074,77072,20220718,,,
21074,77081,20220718,,,
21074,94551,20220718,,,
21074,33323,20220718,,,
21074,97071,20220718,,,
21074,60018,20220718,,,
21074,84043,20220718,,,
21074,28027,20220718,,,
21074,33401,20220718,,,
21074,22192,20220718,,,
21074,33928,20220718,,,
